CAS,ChEBI
"75-07-0","CHEBI:15343
CHEBI:60379"
"60-35-5","CHEBI:27856
CHEBI:49028"
"64-19-7","CHEBI:15366
CHEBI:30089"
"140-11-4","CHEBI:52051
CHEBI:51057"
"123-86-4","CHEBI:31328"
"110-19-0","CHEBI:50569
CHEBI:31328
CHEBI:74904"
"20298-69-5","No result"
"32210-23-4","No result"
"21040-45-9","CHEBI:31402"
"53767-93-4","No result"
"141-12-8","CHEBI:5331"
"105-87-3",""
"150-84-5","CHEBI:70478"
"108-05-4","No result"
"141-78-6","CHEBI:27750"
"103-09-3","No result"
"72237-36-6","No result"
"142-92-7","No result"
"93-29-8","No result"
"89-48-5","CHEBI:104"
"20777-45-1","No result"
"108-65-6","No result"
"41448-83-3","No result"
"79-20-9","CHEBI:77700"
"624-41-9","CHEBI:50585"
"626-38-0","No result"
"5921-82-4",""
"820-71-3","No result"
"628-63-7","No result"
"123-92-2","CHEBI:31725"
"103-45-7","CHEBI:31988"
"109-60-4","CHEBI:40116
CHEBI:31011"
"108-21-4","No result"
"80-26-2","CHEBI:32320"
"90-17-5","No result"
"108-24-7","CHEBI:36610"
"141-97-9","CHEBI:4893"
"67-64-1","CHEBI:15347"
"75-05-8","No result"
"98-86-2","CHEBI:27632"
"112-07-2","No result"
"111-15-9",""
"932-66-1","No result"
"1670-46-8","No result"
"88-29-9","No result"
"1192-62-7","CHEBI:59983"
"21145-77-7","No result"
"70286-20-3","No result"
"3168-90-9","No result"
"1193-79-9","CHEBI:562752"
"520-45-6","No result"
"36357-38-7","No result"
"85213-22-5","CHEBI:67125"
"34277-65-1","No result"
"122-00-9","No result"
"768-95-6","No result"
"ui","No result"
"ui","No result"
"140-67-0","CHEBI:4867"
"15232-95-8","No result"
"870-23-5","No result"
"2179-58-0","CHEBI:6854"
"10152-76-8","No result"
"613-89-8","No result"
"3167-49-5","CHEBI:68583"
"7664-41-7","CHEBI:13759
CHEBI:16134
CHEBI:32863
CHEBI:32876
CHEBI:32877"
"ui","No result"
"04/07/4075",""
"18339-16-7","No result"
"104-46-1",""
"62-53-3","CHEBI:17296
CHEBI:15773"
"506-32-1",""
"105-60-2","CHEBI:28579"
"4025-37-0","No result"
"7782-79-8","CHEBI:29449"
"503-28-6","No result"
"100-52-7","CHEBI:17169"
"71-43-2","CHEBI:16716
CHEBI:29005"
"623-26-7","No result"
"5925-74-6","No result"
"271-89-6","CHEBI:35260"
"65-85-0","CHEBI:30746
CHEBI:36096
CHEBI:16150"
"120-51-4","No result"
"2915-72-2","No result"
"ui","No result"
"70682-72-3",""
"29376-83-8",""
"100-47-0","CHEBI:27991"
"119-61-9","CHEBI:59967"
"91-64-5","CHEBI:28794
CHEBI:16151"
"95-16-9","No result"
"2440-22-4",""
"100-51-6","CHEBI:17987"
"300-57-2","No result"
"17699-05-7","CHEBI:62755"
"92-52-4","CHEBI:17097"
"2749-70-4","No result"
"120-40-1","No result"
"1014-60-4","No result"
"123278-27-3","No result"
"14035-34-8","No result"
"5208-58-2","No result"
"5208-59-3","No result"
"75-27-4","No result"
"74-83-9","No result"
"106-99-0","No result"
"590-19-2","No result"
"123-72-8","CHEBI:15743"
"ui","No result"
"106-97-8","No result"
"513-85-9","CHEBI:62064"
"590-88-5","No result"
"110-60-1","CHEBI:17148
CHEBI:326268"
"431-03-8","CHEBI:16583"
"2432-51-1","No result"
"107-92-6","CHEBI:30772
CHEBI:17968"
"109-21-7","No result"
"105-54-4","CHEBI:17120"
"623-42-7","No result"
"106-27-4","No result"
"105-66-8","No result"
"ui","No result"
"71-36-3","CHEBI:28885"
"78-92-2","CHEBI:35687"
"78-93-3","CHEBI:28398"
"123-73-9","CHEBI:41607"
"7319-38-2","No result"
"ui","No result"
"25167-67-3","CHEBI:48362"
"106-98-9","CHEBI:48362"
"107-01-7","CHEBI:48363
CHEBI:48365"
"590-18-1","CHEBI:48366"
"624-64-6","CHEBI:48363
CHEBI:48365"
"107-93-7","CHEBI:17217
CHEBI:25219
CHEBI:36253
CHEBI:35899
CHEBI:36258"
"7299-91-4","No result"
"4358-59-2","No result"
"6117-91-5","CHEBI:17217
CHEBI:62891"
"78-94-4","CHEBI:48058"
"56484-52-7","No result"
"689-97-4","CHEBI:48088"
"111-76-2","CHEBI:63921"
"54446-78-5","No result"
"5131-66-8","No result"
"1070-66-2","No result"
"30273-11-1","No result"
"ui","No result"
"104-51-8","No result"
"3622-84-2","CHEBI:44237"
"4466-24-4","No result"
"111-36-4","CHEBI:136519"
"592-82-5","CHEBI:50534"
"08/02/3913",""
"51407-46-6","No result"
"589-33-3","No result"
"107-00-6","CHEBI:48087
CHEBI:28889"
"503-17-3","No result"
"483-78-3","No result"
"523-47-7",""
"483-76-1","CHEBI:15385"
"39029-41-9","CHEBI:16946
CHEBI:57959
CHEBI:59960
CHEBI:63203"
"21391-99-1","No result"
"6617-49-8","No result"
"79-92-5","CHEBI:3830"
"628-02-4","No result"
"18968-24-6","No result"
"18968-23-5","No result"
"124-38-9","CHEBI:16526
CHEBI:17245"
"75-15-0","CHEBI:23012"
"56-23-5","CHEBI:27385"
"463-79-6","CHEBI:28976"
"463-58-1","CHEBI:16573"
"29050-33-7","No result"
"28226-49-5","No result"
"99-48-9","CHEBI:52091
CHEBI:23046"
"99-49-0","CHEBI:38265
CHEBI:34758
CHEBI:15400"
"2244-16-8","CHEBI:38265
CHEBI:15399"
"87-44-5","CHEBI:10357
CHEBI:5993"
"6753-98-6","CHEBI:5768"
"77-53-2","CHEBI:10217"
"108-90-7","CHEBI:28097"
"108-42-9","No result"
"109-69-3","No result"
"78-86-4","No result"
"542-18-7","CHEBI:28097"
"28519-06-4","No result"
"75-45-6","CHEBI:82417"
"112-52-7","No result"
"3380-34-5","CHEBI:164200"
"75-00-3","No result"
"10503-96-5","No result"
"31-31-3","No result"
"67-66-3","CHEBI:35255"
"629-06-1","No result"
"01/03/4860",""
"25495-90-3","No result"
"544-10-5","No result"
"638-28-8","No result"
"74-87-3","CHEBI:36014"
"824-47-5","No result"
"4398-65-6","No result"
"ui","No result"
"513-36-0","No result"
"2473-01-0","No result"
"07/03/4862",""
"29656-63-1","No result"
"543-59-9","No result"
"1458-99-7","No result"
"2425-54-9","No result"
"75-72-9","No result"
"747-90-0","No result"
"57-88-5","CHEBI:16113"
"470-67-7","CHEBI:80788"
"470-82-6","CHEBI:27961"
"469-92-1","No result"
"3856-25-5","No result"
"17699-14-8","CHEBI:10224"
"13744-15-5","CHEBI:10363"
"98-82-8","CHEBI:34656"
"536-60-7","No result"
"4176-17-4","CHEBI:62757
CHEBI:10225"
"18936-17-9","CHEBI:61669"
"4403-61-6","No result"
"100-45-8","No result"
"78-82-0","No result"
"109-74-0","CHEBI:51937"
"126-98-7","No result"
"4786-20-3","No result"
"287-23-0","No result"
"2516-34-9","No result"
"4054-38-0","No result"
"291-64-5","No result"
"544-25-2","CHEBI:37519"
"628-92-2","No result"
"295-65-8","No result"
"592-57-4","No result"
"628-41-1","No result"
"2161-90-2","No result"
"110-82-7","CHEBI:29005"
"98-89-5","CHEBI:30746
CHEBI:36096"
"3289-28-9","No result"
"4630-82-4","No result"
"108-93-0","CHEBI:18099"
"108-94-1","CHEBI:17854"
"110-83-8","CHEBI:36404"
"930-68-7","CHEBI:15977"
"766-93-8","CHEBI:13248
CHEBI:42416
CHEBI:17945"
"4292-92-6","No result"
"292-64-8","No result"
"629-20-9","CHEBI:47034"
"542-92-7","CHEBI:30664"
"287-92-3","CHEBI:23492"
"120-92-3","CHEBI:16486"
"24828-61-3",""
"142-29-0","CHEBI:49155"
"930-30-3","CHEBI:26334
CHEBI:26335
CHEBI:26346"
"75-19-4","No result"
"873-49-4","No result"
"765-43-5","No result"
"295-17-0","No result"
"26444-18-8","No result"
"527-84-4","No result"
"99-87-6","CHEBI:28768"
"1197-01-9","No result"
"1074-55-1","No result"
"23726-93-4","CHEBI:67251"
"2363-88-4","No result"
"705-86-2","No result"
"706-14-9","No result"
"112-31-2","CHEBI:31457"
"ui","No result"
"ui","No result"
"124-18-5","No result"
"334-48-5","CHEBI:30813
CHEBI:27689"
"110-42-9","No result"
"110-38-3","No result"
"112-30-1","CHEBI:28903"
"1120-06-5","No result"
"693-54-9","CHEBI:77929"
"2497-25-8","No result"
"3913-81-3","CHEBI:61727"
"25339-53-1","CHEBI:81936"
"20348-51-0",""
"19398-86-8","No result"
"19689-18-0","No result"
"19689-19-1","No result"
"ui","No result"
"14436-32-9","CHEBI:32381"
"ui","No result"
"27381-15-3","No result"
"156747-45-4","No result"
"2179-57-9","CHEBI:4488"
"3385-21-5","No result"
"222-51-5","No result"
"124-48-1","CHEBI:34627"
"79755-43-4","No result"
"594-18-3","No result"
"74-95-3","No result"
"615-58-7","CHEBI:34238"
"1563-90-2","CHEBI:29127"
"142-96-1","No result"
"761-65-9","No result"
"25321-22-6","CHEBI:35290
CHEBI:36693"
"95-50-1","CHEBI:35290"
"541-73-1","CHEBI:36693"
"106-46-7","CHEBI:28618"
"608-27-5","No result"
"26688-50-6","No result"
"26688-51-7","No result"
"29480-42-0","No result"
"75-71-8",""
"75-34-3","CHEBI:81599"
"107-06-2","CHEBI:27789"
"25323-30-2","CHEBI:34031"
"75-35-4","CHEBI:34031"
"156-60-5","CHEBI:18882
CHEBI:29027"
"156-59-2","CHEBI:18882
CHEBI:29027
CHEBI:28805"
"78-87-5","CHEBI:82163"
"26952-23-8","No result"
"4553-62-2","No result"
"109-77-3","No result"
"55282-35-4","No result"
"105-57-7","No result"
"685-91-6","No result"
"25340-17-4","CHEBI:34062"
"105-05-5","CHEBI:34062"
"135-01-3","CHEBI:73244"
"141-93-5","No result"
"123-91-1","No result"
"60-29-7","CHEBI:35702"
"617-84-5","No result"
"616-40-0","No result"
"134-62-3","CHEBI:7071"
"634-95-7","No result"
"496-16-2","CHEBI:35260"
"619-01-2","CHEBI:50215"
"5524-05-0","CHEBI:23733
CHEBI:154
CHEBI:166"
"09/04/5948",""
"28564-83-2","No result"
"1191-99-7","CHEBI:51662"
"96-48-0","No result"
"59-48-3","CHEBI:31697
CHEBI:51630"
"34314-83-5","CHEBI:51678"
"108-29-2","CHEBI:36751
CHEBI:48569
CHEBI:48570"
"534-26-9","No result"
"1786-08-9","No result"
"110-87-2","No result"
"502-26-1","No result"
"29926-41-8","No result"
"1003-10-7","No result"
"30364-38-6",""
"4707-47-5","No result"
"na","No result"
"na","No result"
"na","No result"
"na","No result"
"na","No result"
"1075-06-5","No result"
"108-20-3","No result"
"151-10-0","No result"
"10143-66-5",""
"109-87-5","CHEBI:48341"
"623-69-8","No result"
"127-19-5","CHEBI:84254"
"598-25-4","No result"
"124-40-3","CHEBI:17170
CHEBI:58040"
"926-64-7","No result"
"6970-60-1","No result"
"121-69-7","CHEBI:16269"
"95-68-1","CHEBI:27840"
"28715-26-6","No result"
"71126-69-7","No result"
"84-67-3","No result"
"62337-99-9","No result"
"513-81-5","No result"
"75-83-2","No result"
"79-29-8","No result"
"75-97-8","No result"
"558-37-2","No result"
"563-78-0","No result"
"563-79-1","No result"
"71126-65-3","No result"
"917-92-0","No result"
"616-38-6","CHEBI:36596"
"1467-79-4","No result"
"590-66-9","No result"
"6876-23-9","No result"
"583-57-3","No result"
"638-04-0","No result"
"07/04/2207",""
"5715-23-1","No result"
"5441-52-1","No result"
"1674-10-8","No result"
"2808-76-6","No result"
"1759-64-4","No result"
"4784-86-5","No result"
"4125-18-2","No result"
"1638-26-2","No result"
"822-50-4","CHEBI:17760"
"1192-18-3","No result"
"2453-00-1","No result"
"1759-58-6","No result"
"19037-72-0","No result"
"7459-71-4","No result"
"16491-15-9","No result"
"17312-44-6","No result"
"2801-84-5","No result"
"13150-81-7","No result"
"17312-45-7","No result"
"17312-53-7","No result"
"17312-54-8","No result"
"17312-55-9","No result"
"1636-43-7","No result"
"55170-80-4","No result"
"74421-03-7","No result"
"55499-02-0","No result"
"7475-92-5","No result"
"4030-22-2","No result"
"95-96-5","No result"
"624-92-0","CHEBI:4608"
"112-18-5","No result"
"108-00-9","No result"
"2039-90-9","No result"
"115-10-6","CHEBI:28887"
"933-98-2","No result"
"934-74-7","No result"
"496862-86-3","No result"
"68-12-2","CHEBI:17741"
"28802-49-5","No result"
"14920-89-9","No result"
"3710-43-8","No result"
"625-86-5","No result"
"3002-57-1","No result"
"74779-65-0","No result"
"6709-39-3","CHEBI:81003"
"1071-26-7","No result"
"3074-71-3","No result"
"2213-23-2","No result"
"2216-30-0","No result"
"1072-05-5","No result"
"926-82-9","No result"
"19549-87-2","No result"
"112-69-6","No result"
"29253-64-3","No result"
"1515-79-3","No result"
"764-13-6","No result"
"996-12-3","No result"
"590-73-8","No result"
"584-94-1","No result"
"589-43-5","No result"
"592-13-2","No result"
"563-16-6","No result"
"26118-38-7","No result"
"16745-94-1","No result"
"6975-92-4","No result"
"7116-86-1","No result"
"3404-78-2","No result"
"3404-79-3","No result"
"644-30-4","CHEBI:62757"
"692-70-6","No result"
"4706-89-2","No result"
"499126-76-0","No result"
"20185-16-4","No result"
"91884-67-2","No result"
"17302-27-1","No result"
"17302-28-2","No result"
"17302-23-7","No result"
"33933-80-1","No result"
"124-28-7","No result"
"5392-40-5","CHEBI:16980
CHEBI:23316
CHEBI:29020"
"40195-09-3","No result"
"2436-90-0","No result"
"2792-39-4","No result"
"2492-22-0","No result"
"2609-23-6","No result"
"16736-42-8","No result"
"28980-73-6","No result"
"78-70-6","CHEBI:17580
CHEBI:98"
"106-24-1",""
"15869-89-3","No result"
"2051-30-1","No result"
"1072-16-8","No result"
"15869-93-9","CHEBI:84237"
"15869-94-0","No result"
"460-01-5","No result"
"673-84-7","No result"
"13877-91-3","CHEBI:64280"
"29714-87-2","No result"
"33718-03-5","No result"
"106-22-9","CHEBI:50462
CHEBI:88
CHEBI:10360"
"18479-58-8","No result"
"1487-99-6","No result"
"6921-35-3","No result"
"17678-60-3","No result"
"ui","No result"
"1113-56-0","No result"
"1000-86-8","No result"
"1000-87-9","No result"
"590-35-2","No result"
"565-59-3","No result"
"108-08-7","No result"
"562-49-2","No result"
"564-04-5","No result"
"565-80-0","No result"
"625-65-0","No result"
"24910-63-2","No result"
"4914-91-4","No result"
"4914-92-5","No result"
"690-08-4","No result"
"999-78-0","No result"
"106-55-8","No result"
"5910-89-4","No result"
"123-32-0","No result"
"108-50-9","No result"
"1072-68-0","No result"
"694-31-5","No result"
"67-51-6","No result"
"108-48-5","CHEBI:32548
CHEBI:34457"
"874-14-6","CHEBI:74763"
"600-28-2","No result"
"625-82-1","No result"
"625-84-3","No result"
"593-79-3","CHEBI:4610"
"27576-03-0","No result"
"2234-20-0","No result"
"75-18-3","CHEBI:17437"
"67-71-0","CHEBI:9349"
"67-68-5","CHEBI:28262"
"77-78-1","CHEBI:59050"
"112-75-4","No result"
"2144-41-4","No result"
"5756-24-1","No result"
"758-16-7","No result"
"638-00-6","No result"
"632-15-5","No result"
"6972-05-0","No result"
"60729-78-4","No result"
"3658-80-8","CHEBI:4614"
"17301-32-5","No result"
"17312-83-3","No result"
"689-67-8",""
"598-94-7","No result"
"5379-20-4","No result"
"1743-61-9",""
"629-82-3","No result"
"646-06-0","No result"
"122-39-4","CHEBI:34694
CHEBI:81859"
"101-84-8","No result"
"110-98-5","CHEBI:53262"
"629-19-6","No result"
"82304-66-3","No result"
"108-57-6","No result"
"105-06-6","No result"
"629-97-0","No result"
"112-85-6","CHEBI:28941"
"74685-27-1","No result"
"713-95-1","No result"
"07/05/2305",""
"112-54-9","CHEBI:27836"
"ui","No result"
"112-40-3","CHEBI:28817"
"13757-90-9",""
"143-07-7","CHEBI:30805
CHEBI:18262"
"106-33-2","No result"
"111-82-0","No result"
"10233-13-3","No result"
"34316-64-8","No result"
"112-53-8","CHEBI:28878"
"6175-49-1","No result"
"25378-22-7","No result"
"112-41-4","No result"
"7206-13-5","No result"
"7206-14-6","No result"
"7239-23-8","No result"
"7206-15-7","No result"
"7206-16-8","No result"
"7206-17-9","No result"
"7206-29-3","No result"
"87549-32-4","No result"
"18679-18-0","No result"
"82042-44-2","No result"
"41678-29-9","No result"
"112-95-8","No result"
"629-96-9","CHEBI:75627"
"33880-83-0","CHEBI:62855"
"134454-31-2","No result"
"74-84-0","No result"
"1534-08-3","CHEBI:51280"
"64-17-5","CHEBI:16236
CHEBI:17246"
"74-85-1","CHEBI:18153"
"1073-11-6","No result"
"27831-13-6","No result"
"626-20-0","No result"
"20307-84-0","No result"
"827-54-3","CHEBI:51325"
"7392-19-0","No result"
"110-80-5","No result"
"111-90-0","CHEBI:40572"
"33330-50-6",""
"625-54-7","No result"
"763-69-9",""
"75-04-7","CHEBI:15862
CHEBI:55436
CHEBI:566789"
"100-41-4","CHEBI:16101"
"3404-63-5","No result"
"97-96-1","No result"
"97-95-0","No result"
"760-21-4","No result"
"51-79-6",""
"1678-91-7","CHEBI:16101"
"1453-24-3","No result"
"2808-71-1","No result"
"45592-46-9","No result"
"10264-55-8","No result"
"2146-38-5","No result"
"1636-44-8","No result"
"25234-31-5",""
"1758-88-9","No result"
"874-41-9","No result"
"934-80-5","No result"
"62183-55-5","No result"
"13360-65-1","No result"
"107-21-1","CHEBI:27636
CHEBI:30742"
"75-21-8","CHEBI:27561
CHEBI:32955"
"27252-25-1","No result"
"3208-16-0","No result"
"132735-95-6",""
"33933-74-3","No result"
"2080-89-9","No result"
"123-05-7","No result"
"619-99-8","No result"
"149-57-5","CHEBI:28837
CHEBI:16135"
"7425-14-1","No result"
"104-76-7","CHEBI:16011
CHEBI:80945"
"645-62-5","No result"
"624-80-6","No result"
"698-10-2","CHEBI:67940"
"4411-89-6","No result"
"1003-64-1","No result"
"4413-21-2","No result"
"18631-83-9","No result"
"611-14-3","CHEBI:34276"
"620-14-4","CHEBI:77512"
"622-96-8","No result"
"623-53-0","No result"
"ui","No result"
"19489-10-2","No result"
"3728-55-0","No result"
"3728-56-1","No result"
"6236-88-0","No result"
"930-89-2","No result"
"19780-56-4",""
"97797-57-4","No result"
"1703-52-2","No result"
"ui","No result"
"62016-18-6",""
"62016-19-7","No result"
"106-67-2","No result"
"3404-80-6","No result"
"624-89-5","CHEBI:8474"
"100-74-3","No result"
"3665-80-3",""
"13151-34-3","No result"
"137168-02-6","No result"
"15869-86-0","No result"
"5881-17-4","No result"
"16493-80-4","No result"
"617-78-7","No result"
"58888-87-2","No result"
"13961-37-0","No result"
"1484-80-6","No result"
"536-78-7","No result"
"1551-06-0","No result"
"1551-16-2",""
"617-92-5","No result"
"7525-62-4","No result"
"637-92-3","No result"
"24050-09-7","No result"
"872-55-9","No result"
"5454-45-5",""
"503-93-5","CHEBI:80820"
"17066-67-0","CHEBI:49271
CHEBI:10443"
"97-53-0","CHEBI:4917"
"502-61-4","No result"
"18794-84-8","No result"
"471-84-1","No result"
"640-19-7","CHEBI:53124"
"50-00-0","CHEBI:16842
CHEBI:17087
CHEBI:17478
CHEBI:18044"
"39276-09-0","CHEBI:34768"
"498-60-2","No result"
"110-00-9","CHEBI:35559"
"4412-91-3","No result"
"98-00-0","CHEBI:207496
CHEBI:53371"
"497-23-4","CHEBI:38118"
"98-01-1","CHEBI:34768"
"3194-15-8","No result"
"1222-05-5","CHEBI:9944
CHEBI:83784"
"141-27-5","CHEBI:16980
CHEBI:23316"
"3796-70-1","CHEBI:67206"
"629-94-7","CHEBI:32931"
"629-78-7","CHEBI:16148"
"506-12-7","CHEBI:32365"
"14010-23-2","No result"
"1731-92-6","No result"
"16813-18-6","No result"
"26265-99-6","No result"
"10136-52-4","No result"
"04/02/4313",""
"05/03/4313",""
"1541-23-7","No result"
"2883-45-6","No result"
"105-21-5","No result"
"111-71-7","CHEBI:34787"
"ui","No result"
"142-82-5","No result"
"111-16-0","CHEBI:30531
CHEBI:36165"
"51238-94-9",""
"96-04-8","No result"
"111-14-8","CHEBI:32362"
"106-30-9","No result"
"106-73-0","No result"
"111-70-6","No result"
"110-43-0","CHEBI:5672"
"106-35-4","CHEBI:50139"
"123-19-3","No result"
"17679-93-5","No result"
"18829-55-5","CHEBI:61724"
"929-22-6","No result"
"6728-31-0",""
"25339-56-4","No result"
"ui","No result"
"592-76-7","No result"
"592-77-8","No result"
"14686-13-6","No result"
"6443-92-1",""
"14686-14-7","No result"
"06/10/7642",""
"4938-52-7","No result"
"26856-31-5","No result"
"628-71-7","No result"
"2586-89-2","No result"
"630-01-3","CHEBI:32940"
"53042-79-8",""
"629-80-1","CHEBI:17600"
"544-76-3","No result"
"57-10-3","CHEBI:15756
CHEBI:7896"
"111-06-8","No result"
"628-97-7","CHEBI:84932"
"4219-49-2","No result"
"112-39-0","CHEBI:69187"
"142-91-6","CHEBI:84262"
"36653-82-4","CHEBI:16125"
"14852-31-4","No result"
"18787-63-8","No result"
"26952-14-7","CHEBI:77507"
"373-49-9",""
"93479-57-3","No result"
"22104-83-2","No result"
"592-48-3","No result"
"592-45-0","No result"
"7319-00-8","No result"
"7318-67-4",""
"592-46-1","No result"
"5194-51-4","No result"
"5194-50-3","No result"
"823-22-3","No result"
"695-06-7","CHEBI:85235"
"66-25-1","No result"
"110-13-4","CHEBI:85014"
"ui","No result"
"110-54-3","CHEBI:29021"
"124-04-9","CHEBI:30832
CHEBI:17128"
"ui","No result"
"627-93-0","CHEBI:34715"
"17961-12-5","No result"
"3848-24-6","No result"
"4437-51-8","No result"
"628-73-9","No result"
"142-62-1","CHEBI:30776
CHEBI:17120"
"626-82-4","No result"
"6938-60-9","No result"
"3050-69-9","No result"
"123-66-0","CHEBI:86055
CHEBI:25646"
"106-70-7","CHEBI:77322"
"626-77-7","No result"
"111-27-3","CHEBI:30813"
"626-93-7","No result"
"623-37-0","No result"
"589-38-8","No result"
"591-78-6","No result"
"2612-46-6",""
"505-57-7","CHEBI:19591"
"6789-80-6",""
"25264-93-1","No result"
"592-41-6","No result"
"592-43-8","No result"
"4050-45-7","No result"
"7688-21-3",""
"592-47-2","No result"
"7319-23-5","No result"
"4798-44-1","No result"
"2305-21-7","No result"
"928-92-7","No result"
"1629-60-3","No result"
"109-49-9","No result"
"2497-21-4","No result"
"763-93-9","No result"
"1077-16-3","No result"
"ui","No result"
"3777-70-6","No result"
"101-86-0","CHEBI:55365"
"165184-98-5","CHEBI:55365"
"26856-30-4","No result"
"10575-41-4","No result"
"na","No result"
"302-01-2","CHEBI:15571
CHEBI:35511"
"1333-74-0","CHEBI:18276
CHEBI:29236
CHEBI:29299
CHEBI:49637"
"74-90-8","CHEBI:18379
CHEBI:18407
CHEBI:30530"
"7722-84-1","CHEBI:16240
CHEBI:35924"
"04/06/7783",""
"141-46-8","CHEBI:17071
CHEBI:52501"
"ui","No result"
"739-27-5",""
"90-02-8","CHEBI:16008"
"99-96-7","CHEBI:30763
CHEBI:79323
CHEBI:17879"
"19438-10-9","No result"
"4191-73-5","No result"
"107-89-1","No result"
"300-85-6","CHEBI:20067"
"131831-55-5","No result"
"513-86-0",""
"33044-91-6","No result"
"28664-35-9","CHEBI:67890"
"na","No result"
"na","No result"
"na","No result"
"na","No result"
"190317-24-9","No result"
"158076-64-3","CHEBI:34194"
"158076-65-4","No result"
"158076-68-7","CHEBI:34415"
"356033-96-0","No result"
"77212-81-8","No result"
"17587-29-0","No result"
"na","No result"
"na","No result"
"145413-90-7","CHEBI:34200"
"na","No result"
"na","No result"
"941713-66-2","No result"
"10191-24-9","CHEBI:37035"
"21856-89-3","No result"
"501-97-3",""
"21-33-5","No result"
"121-34-6","CHEBI:30816
CHEBI:16632"
"109-86-4","No result"
"55-10-7","CHEBI:20106
CHEBI:27622"
"57295-30-4","No result"
"108-39-4","CHEBI:17231"
"157425-52-0 / 157425-53-1",""
"67-47-0","CHEBI:412516"
"160595-71-1",""
"903503-32-2","No result"
"58888-76-9","No result"
"59866-91-0",""
"77-85-0","No result"
"903503-33-3","No result"
"6966-34-3",""
"875712-96-2",""
"na","No result"
"40165-87-5","No result"
"na","No result"
"na","No result"
"na","No result"
"14292-27-4","CHEBI:37098"
"764-89-6","CHEBI:79162"
"99-93-4","CHEBI:28032"
"na","No result"
"170946-11-9","No result"
"na","No result"
"na","No result"
"na","No result"
"na","No result"
"na","No result"
"na","No result"
"2043-43-8","CHEBI:75144"
"116-09-6","CHEBI:27957"
"na","No result"
"na","No result"
"496-11-7","CHEBI:37911"
"120-72-9","CHEBI:16881"
"ui","No result"
"74-88-4","No result"
"628-17-1","No result"
"125-12-2","CHEBI:157"
"127-41-3","CHEBI:32319"
"79-69-6","CHEBI:10284"
"79-68-5","No result"
"24683-00-9","No result"
"85665-88-9","No result"
"118-65-0","CHEBI:5993"
"24063-71-6","No result"
"3173-53-3",""
"109-90-0","CHEBI:85107"
"3173-56-6","No result"
"97-54-1","CHEBI:18224
CHEBI:50545"
"499-99-0","No result"
"09/07/6876",""
"78-59-1","CHEBI:34800"
"78-79-5","CHEBI:35194"
"1461-27-4","No result"
"1879-07-8","No result"
"645-13-6","No result"
"02/08/3983",""
"1462-07-3","No result"
"1490-04-6","CHEBI:15409
CHEBI:25187"
"586-63-0","CHEBI:17768"
"3386-97-8","No result"
"1122-82-3","No result"
"56601-42-4","No result"
"556-61-6","CHEBI:78337"
"57-06-7","CHEBI:73224"
"513-23-5","No result"
"488-10-8",""
"50-21-5","CHEBI:78320
CHEBI:422
CHEBI:24996
CHEBI:16004"
"687-47-8","CHEBI:78322
CHEBI:78321
CHEBI:60630"
"547-64-8","CHEBI:74611
CHEBI:83221"
"21747-46-6","CHEBI:63444"
"80-54-6","No result"
"5989-27-5","CHEBI:15384
CHEBI:15382"
"138-86-3",""
"5989-33-3","No result"
"13215-88-8","No result"
"99-82-1","No result"
"16580-24-8","No result"
"10458-14-7","CHEBI:36742
CHEBI:15410"
"18368-95-1","No result"
"21195-59-5","No result"
"5256-65-5","No result"
"1124-26-1","No result"
"619-52-3","No result"
"500-00-5","No result"
"98-55-5","No result"
"2216-51-5","CHEBI:15409
CHEBI:25187
CHEBI:76306"
"89-78-1","CHEBI:15409
CHEBI:25187
CHEBI:15402
CHEBI:76306"
"24653-75-6","No result"
"4786-19-0","No result"
"75-12-7","CHEBI:16397
CHEBI:37622
CHEBI:52479
CHEBI:65285"
"74-89-5","CHEBI:16830
CHEBI:17062
CHEBI:50981
CHEBI:57913
CHEBI:58855
CHEBI:59338"
"74-82-8","CHEBI:16183
CHEBI:27594
CHEBI:36931
CHEBI:51383"
"124-63-0",""
"74-93-1","CHEBI:16007"
"64-18-6","CHEBI:15904
CHEBI:26666
CHEBI:27283
CHEBI:30751
CHEBI:33308
CHEBI:33575
CHEBI:35366
CHEBI:59554
CHEBI:78553
CHEBI:78555
CHEBI:78557
CHEBI:78558
CHEBI:78560
CHEBI:78561
CHEBI:78562
CHEBI:78563
CHEBI:15740
CHEBI:28868
CHEBI:57560
CHEBI:58950
CHEBI:58951
CHEBI:59558
CHEBI:78892
CHEBI:78893"
"592-84-7","No result"
"109-94-4","CHEBI:13209
CHEBI:52342"
"112-23-2","No result"
"107-31-3","CHEBI:77699"
"110-45-2","CHEBI:31726"
"638-49-3","No result"
"110-74-7","No result"
"67-56-1","CHEBI:15734
CHEBI:17790
CHEBI:73312"
"100-97-0","CHEBI:6824
CHEBI:16397
CHEBI:37622
CHEBI:52479
CHEBI:65285
CHEBI:24783
CHEBI:33271
CHEBI:38220"
"10312-83-1","No result"
"625-45-6","No result"
"6290-49-9","CHEBI:34841"
"959247-28-0","No result"
"959263-00-4","No result"
"123-11-5","No result"
"5466-77-3",""
"96436-87-2","No result"
"531-59-9","CHEBI:5679"
"540-67-0","CHEBI:39832"
"03/07/4747",""
"107-98-2","No result"
"1117-97-1","No result"
"104-93-8","No result"
"626-91-5","No result"
"20324-32-7","No result"
"34590-94-8","No result"
"4225-42-7","No result"
"31053-55-1","No result"
"24985-48-6","No result"
"90-05-1","CHEBI:28591"
"150-76-5","CHEBI:69441"
"2475-92-5","No result"
"13429-07-7","No result"
"104-45-0","No result"
"16839-97-7","No result"
"79-16-3","No result"
"100-61-8","CHEBI:67144
CHEBI:15733
CHEBI:59018"
"95-53-4","CHEBI:66892"
"85-91-6","No result"
"104-87-0","CHEBI:28617"
"4265-25-2","No result"
"28652-72-4","No result"
"26140-47-6","CHEBI:16182"
"590-86-3","CHEBI:16638"
"96-17-3","CHEBI:16182"
"78-78-4","No result"
"625-28-5","No result"
"23747-45-7","No result"
"116-53-0","CHEBI:37070
CHEBI:38655"
"35915-22-1","CHEBI:28484"
"7452-79-1",""
"868-57-5","No result"
"37064-20-3","No result"
"503-74-2","CHEBI:28484
CHEBI:48942"
"109-19-3","No result"
"108-64-5","CHEBI:31571"
"123-51-3","CHEBI:15837"
"137-32-6","CHEBI:48945
CHEBI:50624"
"598-75-4","CHEBI:77517"
"563-80-4","No result"
"107-86-8","CHEBI:15825"
"497-03-0","No result"
"513-35-9","CHEBI:77916"
"563-45-1","CHEBI:77914"
"563-46-2","CHEBI:77915"
"16529-56-9","No result"
"13201-46-2","CHEBI:36432
CHEBI:9592"
"556-82-1","CHEBI:16019"
"763-32-6","CHEBI:62898"
"814-78-8","No result"
"78-80-8","No result"
"4489-84-3","No result"
"37689-15-9","No result"
"598-23-2",""
"101-39-3","No result"
"82000-09-7","No result"
"4126-78-7","No result"
"4313-57-9","No result"
"108-87-2","No result"
"591-47-9","No result"
"591-24-2","No result"
"591-49-1","No result"
"1193-18-6","No result"
"96-38-8","No result"
"96-39-9","No result"
"96-37-7","CHEBI:78021"
"1462-03-9",""
"24070-77-7","No result"
"18729-48-1","No result"
"1120-72-5","No result"
"1757-42-2","No result"
"693-89-0","No result"
"1120-62-3","No result"
"1759-81-5","No result"
"1120-73-6","No result"
"2758-18-1",""
"1767-84-6","No result"
"6975-98-0","No result"
"2847-72-5","No result"
"13151-35-4","No result"
"24323-23-7","No result"
"ui","No result"
"13151-27-4","No result"
"13151-29-6","No result"
"23381-92-2","No result"
"74630-30-1","No result"
"5053-43-0","No result"
"37174-63-3",""
"39647-11-5","No result"
"24851-98-7","No result"
"108944-11-2","No result"
"223611-75-4","No result"
"5129-65-7","No result"
"96533-16-3","No result"
"55103-82-7","No result"
"4396-19-4","No result"
"75-09-2","CHEBI:15767"
"1192-37-6",""
"1888-90-0","No result"
"1528-30-9","No result"
"14548-32-4","No result"
"930-26-7","No result"
"142423-24-3","No result"
"74685-56-6","No result"
"38239-27-9","No result"
"1632-16-2","No result"
"3387-41-5","No result"
"624-78-2","No result"
"1129-29-9","No result"
"2388-14-9","No result"
"122-03-2","CHEBI:28671"
"21391-98-0","No result"
"14676-29-0","No result"
"5749-72-4","No result"
"609-26-7","No result"
"13925-03-6","No result"
"123-39-7","CHEBI:7438"
"26895-04-5","No result"
"27137-41-3","No result"
"534-22-5","No result"
"930-27-8","No result"
"620-02-0",""
"591-11-7","CHEBI:36436"
"22122-36-7","No result"
"1334-76-5","No result"
"158274-95-4","No result"
"71987-29-6","No result"
"5129-61-3",""
"13643-06-6","No result"
"13857-55-1","No result"
"7270-50-0","No result"
"1604-28-0",""
"592-27-8","No result"
"589-81-1","No result"
"589-53-7","CHEBI:67193"
"3002-23-1","No result"
"1188-02-9","No result"
"29466-99-7","No result"
"18217-12-4","No result"
"2371-19-9","No result"
"928-68-7","No result"
"624-42-0","No result"
"626-33-5","No result"
"15870-10-7","No result"
"07/09/4810",""
"13151-05-8","No result"
"5026-76-6","No result"
"627-97-4","No result"
"3404-75-9","No result"
"3404-56-6","No result"
"66225-17-0","No result"
"73548-72-8","No result"
"22487-87-2","No result"
"7300-03-0","No result"
"4485-16-9","No result"
"110-93-0",""
"628-61-5","No result"
"61228-09-9","No result"
"55019-46-0","No result"
"28801-93-6","No result"
"158274-92-1","No result"
"28823-41-8","No result"
"6108-96-9","No result"
"763-88-2","No result"
"19269-28-4","No result"
"589-34-4","No result"
"591-76-4","No result"
"4536-23-6","No result"
"3780-58-3","No result"
"13231-81-7","No result"
"623-55-2","No result"
"105-42-0","No result"
"110-12-3","No result"
"06/12/7379",""
"17042-16-9","No result"
"2550-21-2","No result"
"623-56-3","No result"
"28467-88-1","No result"
"06/02/6094",""
"3404-61-3","No result"
"3769-23-1","No result"
"3524-73-0","No result"
"2738-19-4","No result"
"17618-77-8","No result"
"3404-55-5","No result"
"3683-19-0","No result"
"3683-22-5","No result"
"15840-60-5","No result"
"692-24-0","No result"
"3899-36-3","No result"
"4914-89-0","No result"
"3404-65-7","No result"
"27960-21-0","No result"
"54068-86-9","No result"
"1595-10-4","No result"
"36566-80-0","No result"
"2203-80-7","No result"
"10413-18-0","No result"
"74367-34-3","No result"
"95-20-5",""
"83-34-1","CHEBI:9171"
"614-96-0","No result"
"933-67-5","No result"
"541-28-6","No result"
"146420-36-2","No result"
"693-97-0","No result"
"109959-42-4","No result"
"28588-74-1","No result"
"41158-41-2","No result"
"56763-62-3","No result"
"1195-32-0","No result"
"535-77-3","No result"
"21129-27-1","No result"
"1196-31-2","CHEBI:36492"
"89-81-6","CHEBI:48933"
"5113-66-6","CHEBI:16822"
"499-75-2","CHEBI:3440"
"44657-76-3",""
"4747-21-1","No result"
"81676-11-1","No result"
"75873-00-6","No result"
"75873-01-7","No result"
"1595-16-0","No result"
"13678-59-6","No result"
"42474-44-2",""
"20651-30-3",""
"625-74-1","No result"
"55090-44-3","No result"
"6418-45-7","No result"
"871-83-0","No result"
"06/04/5911",""
"17301-94-9","No result"
"15869-85-9","No result"
"24323-21-5","No result"
"80113-38-8","No result"
"6561-44-0","No result"
"3221-61-2","No result"
"2216-33-3","No result"
"2216-34-4","No result"
"3004-93-1","No result"
"54947-74-9","No result"
"30801-91-3",""
"903503-35-5","No result"
"903503-34-4","No result"
"865444-39-9","No result"
"2549-60-2",""
"2801-87-8","No result"
"72000-71-6","No result"
"5487-50-3","No result"
"5129-60-2","No result"
"926-54-5","No result"
"2787-43-1","No result"
"2787-45-3","No result"
"1115-08-8","No result"
"926-56-7","No result"
"123-15-9","No result"
"15877-57-3","No result"
"107-83-5","No result"
"96-14-0","No result"
"542-54-1","No result"
"105-43-1","No result"
"646-07-1","CHEBI:74903
CHEBI:74904"
"589-35-5","No result"
"626-89-1","CHEBI:63910"
"108-11-2","No result"
"565-67-3","No result"
"77-74-7","No result"
"63072-44-6","No result"
"108-10-1","CHEBI:82344"
"565-61-7","No result"
"565-69-5","No result"
"918-85-4","No result"
"623-36-9","No result"
"5362-56-1","No result"
"5362-50-5","No result"
"763-29-1","No result"
"760-20-3","No result"
"691-37-2","No result"
"625-27-4","No result"
"922-61-2","No result"
"616-12-6","No result"
"922-62-3","No result"
"4461-48-7","No result"
"674-76-0","No result"
"691-38-3","No result"
"3675-21-6","No result"
"10321-71-8","No result"
"1569-59-1","No result"
"763-89-3","No result"
"141-79-7","No result"
"25044-01-3","No result"
"565-62-8","No result"
"1574-33-0","No result"
"21020-27-9","No result"
"7154-75-8","No result"
"106-44-5","CHEBI:17847"
"5961-33-1","No result"
"577-16-2","No result"
"5445-77-2","No result"
"2040-14-4","No result"
"109-01-3","CHEBI:28568"
"931-20-4","No result"
"78-84-2","CHEBI:48943"
"75-28-5","No result"
"75-66-1","No result"
"79-31-2","CHEBI:16135
CHEBI:48944"
"97-62-1","No result"
"547-63-7","CHEBI:73689"
"2445-69-4","No result"
"644-49-5","No result"
"75-65-0","CHEBI:26878"
"78-83-1","No result"
"78-85-3","No result"
"115-11-7","CHEBI:43907"
"97-88-1","No result"
"80-62-6","CHEBI:34840"
"97-86-9","No result"
"3290-53-7","No result"
"768-49-0","No result"
"89656-98-4","No result"
"1074-17-5","No result"
"4104-56-7","No result"
"2179-60-4","No result"
"109-08-0","No result"
"1453-58-3","No result"
"109-06-8","CHEBI:50415"
"108-99-6","No result"
"695-34-1","No result"
"636-41-9","No result"
"616-43-3","No result"
"96-54-8","No result"
"1192-58-1","No result"
"1319-73-9","No result"
"611-15-4","No result"
"98-83-9","CHEBI:35060"
"227456-33-9","No result"
"307964-23-4","No result"
"1634-04-4","CHEBI:27642"
"514202-56-3","No result"
"213617-69-7","No result"
"ui","No result"
"96-47-9","No result"
"3188-00-9","No result"
"3581-87-1","No result"
"22438-40-0","No result"
"1072-43-1","No result"
"628-29-5","No result"
"59121-24-3","No result"
"556-64-9","CHEBI:61112"
"554-14-3","No result"
"616-44-4","No result"
"7210-64-2","No result"
"3268-49-3","CHEBI:49019
CHEBI:49017"
"3877-15-4","No result"
"22551-26-4","No result"
"505-10-2","CHEBI:49019"
"42848-06-6","No result"
"52195-40-1","No result"
"598-52-7","No result"
"71987-34-3","No result"
"99640-20-7","No result"
"7045-71-8","No result"
"1002-43-3","No result"
"2980-69-0","CHEBI:84250"
"1632-70-8","No result"
"223611-73-2","No result"
"74630-39-0","No result"
"74630-42-5","No result"
"74630-40-3","No result"
"56888-88-1","No result"
"74630-45-8","No result"
"61142-40-3","No result"
"74630-57-2","No result"
"1233691-10-5","No result"
"74630-64-1","No result"
"31613-73-7","No result"
"83687-45-0","No result"
"39546-85-5","No result"
"598-50-5","CHEBI:44383"
"1119-29-5","No result"
"622-97-9","No result"
"13925-09-2","No result"
"16609-28-2","No result"
"03/02/5807",""
"1696-20-4","No result"
"262352-87-4","No result"
"30021-74-0","No result"
"10208-80-7","CHEBI:64797"
"123-35-3","CHEBI:17221"
"91-20-3","CHEBI:16482"
"4545-68-0","No result"
"106-25-2",""
"54-11-5","CHEBI:17688"
"10102-43-9","CHEBI:16480
CHEBI:84879"
"1122-60-7","CHEBI:74164"
"75-52-5","CHEBI:77701"
"629-92-5","CHEBI:32927"
"629-66-3","No result"
"1051365-78-6","No result"
"18435-45-5","CHEBI:64503"
"34266-16-5","No result"
"04/03/6750",""
"26370-28-5","CHEBI:7610"
"3301-94-8","No result"
"104-61-0","CHEBI:10575"
"124-19-6","CHEBI:84268"
"ui","No result"
"111-84-2","CHEBI:32892"
"112-05-0","CHEBI:29019"
"1731-84-6","CHEBI:44499"
"143-08-8","CHEBI:35986"
"628-99-9","CHEBI:78304"
"821-55-6","CHEBI:77927"
"4485-09-0","No result"
"2463-53-8","CHEBI:61726"
"18829-56-6","CHEBI:61726"
"60784-31-8","No result"
"30551-15-6","No result"
"27215-95-8","No result"
"2216-38-8","No result"
"6434-78-2","No result"
"20063-77-8","No result"
"20237-46-1","No result"
"2198-23-4","CHEBI:49211"
"ui","No result"
"ui","No result"
"24415-26-7","No result"
"32064-72-5","No result"
"32073-04-4","No result"
"3338-55-4","No result"
"3779-61-1","CHEBI:64280"
"630-02-4","CHEBI:32943"
"638-66-4","CHEBI:17034"
"593-45-3","CHEBI:32926"
"57-11-4",""
"112-61-8","CHEBI:69188"
"637-55-8","No result"
"112-92-5","No result"
"112-88-9","No result"
"5557-31-3","No result"
"2027-47-6","CHEBI:27997"
"60-33-3",""
"27234-05-5","No result"
"30361-28-5","No result"
"39491-65-1","No result"
"3710-30-3","No result"
"13643-08-8","No result"
"83592-56-7","No result"
"38284-27-4","No result"
"65767-22-8","No result"
"104-50-7","No result"
"124-13-0","CHEBI:17935"
"ui","No result"
"111-65-9","CHEBI:17590"
"585-25-1","No result"
"3214-41-3",""
"124-07-2","CHEBI:28837
CHEBI:25646"
"106-32-1","CHEBI:31574"
"2306-89-0",""
"20292-09-5","No result"
"16456-36-3","No result"
"111-87-5","CHEBI:16188
CHEBI:64304"
"589-98-0","CHEBI:80945"
"27457-18-7","CHEBI:17935"
"111-13-7","No result"
"106-68-3","CHEBI:80946"
"589-63-9","No result"
"2548-87-0","CHEBI:61725
CHEBI:61748"
"25377-83-7","No result"
"111-66-0","No result"
"111-67-1","No result"
"13389-42-9","No result"
"08/04/7642",""
"592-98-3","No result"
"14919-01-8","No result"
"14850-22-7",""
"592-99-4","No result"
"7642-15-1",""
"18719-24-9","No result"
"3391-86-4","No result"
"26001-58-1","No result"
"22104-78-5","No result"
"53907-72-5","No result"
"4312-99-6","No result"
"1669-44-9","No result"
"14129-48-7","No result"
"32073-03-3","No result"
"1708-29-8","No result"
"288-42-6","CHEBI:35597"
"616-45-5","CHEBI:36592
CHEBI:74223"
"87-86-5","CHEBI:17642"
"629-99-2","CHEBI:32938"
"09/11/2765",""
"ui","No result"
"629-62-9","CHEBI:28897"
"1002-84-2","No result"
"41114-00-5","No result"
"7132-64-1","No result"
"2345-28-0","No result"
"13360-61-7","CHEBI:64501
CHEBI:77506"
"26444-04-2","No result"
"15451-50-0","No result"
"629-76-5","CHEBI:77468"
"591-95-7","No result"
"504-60-9","CHEBI:74165"
"2004-70-8","CHEBI:74165"
"1574-41-0",""
"591-93-5","No result"
"142-83-6","CHEBI:82334"
"116164-06-8","No result"
"110-62-3","CHEBI:84069"
"ui","No result"
"109-66-0","No result"
"462-94-2","CHEBI:18127
CHEBI:58384"
"ui","No result"
"53172-76-2","No result"
"600-14-6","CHEBI:52774"
"616-31-9","No result"
"109-52-4","CHEBI:17418
CHEBI:1438
CHEBI:31011"
"ui","No result"
"591-68-4","No result"
"539-82-2","No result"
"624-24-8","No result"
"71-41-0","CHEBI:44884"
"6032-29-7","CHEBI:77518"
"584-02-1","CHEBI:77519"
"107-87-9","CHEBI:16472"
"96-22-0","CHEBI:67886"
"31424-04-1","CHEBI:61722"
"1576-87-0","CHEBI:61722"
"25377-72-4","No result"
"109-67-1",""
"109-68-2","No result"
"627-20-3",""
"646-04-8","No result"
"626-98-2","CHEBI:35939
CHEBI:38366
CHEBI:38367"
"16930-94-2","No result"
"1576-96-1","No result"
"1576-95-0",""
"1629-58-9","No result"
"625-33-2","No result"
"1574-40-9","No result"
"2004-69-5","No result"
"2206-23-7","No result"
"ui","No result"
"122-40-7","CHEBI:32318"
"3777-69-3","No result"
"1551-12-8","No result"
"26856-36-0","CHEBI:74165"
"627-21-4","No result"
"2111-75-3","CHEBI:15421"
"555-10-2","CHEBI:48741"
"99-83-2","No result"
"108-95-2","CHEBI:15882
CHEBI:18099"
"122-99-6","CHEBI:64275"
"37421-04-8","No result"
"7170-44-7","No result"
"122-78-1","CHEBI:16424"
"103-82-2","CHEBI:30851
CHEBI:30745
CHEBI:37277
CHEBI:18401"
"102-20-5","No result"
"536-74-3","No result"
"824-90-8","No result"
"1560-06-1","No result"
"2039-93-2","No result"
"2719-61-1","No result"
"2719-63-3","CHEBI:77515"
"2719-62-2","CHEBI:77516"
"60-12-8","CHEBI:49000"
"1074-12-0","No result"
"1078-71-3","No result"
"948-65-2","No result"
"4397-53-9","No result"
"103-25-3","No result"
"4620-54-6","No result"
"122-97-4","No result"
"103-79-7","CHEBI:52052"
"93-55-0","CHEBI:425902"
"104-55-2","CHEBI:16731"
"637-50-3","No result"
"4534-53-6","No result"
"4534-52-5","No result"
"4534-51-4","No result"
"4534-49-0","No result"
"4536-88-3","No result"
"4536-87-2","No result"
"4536-86-1","No result"
"4537-15-9","CHEBI:77513"
"4537-14-8","CHEBI:77514"
"85-44-9","CHEBI:36605
CHEBI:103210"
"84-74-2","CHEBI:34687"
"84-66-2","CHEBI:34698"
"117-81-7","CHEBI:34679
CHEBI:17747"
"108-89-4","CHEBI:32547"
"1333-41-1","CHEBI:50415"
"473-55-2","CHEBI:35710"
"127-91-3","CHEBI:50025
CHEBI:28359"
"80-56-8","CHEBI:36740
CHEBI:28261
CHEBI:28660"
"110-89-4","CHEBI:18049
CHEBI:589779"
"3040-44-6","CHEBI:61238"
"62985-38-0","No result"
"27154-43-4","CHEBI:77761"
"675-20-7","CHEBI:77761"
"463-49-0","CHEBI:37602"
"123-38-6","CHEBI:17153
CHEBI:49188
CHEBI:84587"
"79-05-0","CHEBI:45422"
"75-31-0","CHEBI:15739"
"74-98-6","CHEBI:32879"
"542-78-9","CHEBI:566274"
"57-55-6","CHEBI:16997
CHEBI:29002"
"78-98-8","CHEBI:17158"
"107-12-0","CHEBI:26307"
"5925-75-7","No result"
"107-03-9","CHEBI:8473"
"56-81-5","CHEBI:15850
CHEBI:17522
CHEBI:17754"
"79-09-4","CHEBI:16333
CHEBI:30768
CHEBI:17272"
"590-01-2","No result"
"105-37-3","CHEBI:84932"
"2445-76-3","No result"
"554-12-1","No result"
"74381-40-1","CHEBI:84228"
"103-58-2","No result"
"624-54-4","No result"
"106-36-5","No result"
"105-38-4","No result"
"71-23-8","CHEBI:28831"
"67-63-0","CHEBI:17824"
"107-02-8","CHEBI:15368
CHEBI:51688
CHEBI:51689"
"107-18-6","CHEBI:16605"
"18328-90-0","No result"
"115-07-1","CHEBI:16052"
"107-13-1","CHEBI:28619
CHEBI:51751
CHEBI:28217"
"79-10-7","CHEBI:18308
CHEBI:51702
CHEBI:37080"
"140-88-5","CHEBI:82327"
"4245-37-8","No result"
"925-60-0","No result"
"2114-42-3","CHEBI:4789"
"75135-41-0","No result"
"52097-85-5","No result"
"08/10/5664",""
"3424-89-3","No result"
"89975-71-3",""
"10546-70-0",""
"103-65-1","No result"
"ui","No result"
"1678-92-8","No result"
"3983-06-0","No result"
"ui","No result"
"1072-43-1","No result"
"4229-91-8","No result"
"74-99-7","CHEBI:48086"
"89-82-7","CHEBI:35596
CHEBI:26381
CHEBI:81226"
"504-31-4","CHEBI:16545
CHEBI:37965"
"290-37-9","CHEBI:30953
CHEBI:28568"
"105-20-4","CHEBI:59170"
"25016-16-4","CHEBI:36383"
"462-08-8","No result"
"504-24-5","No result"
"110-86-1","CHEBI:16227"
"100-54-9","CHEBI:36433"
"108-96-3","No result"
"289-95-2","CHEBI:16898"
"109-97-7","CHEBI:19203"
"123-75-1","CHEBI:52145"
"141-22-0",""
"116-26-7","CHEBI:53169"
"118-60-5","No result"
"ui","No result"
"65405-77-8",""
"6259-76-3","No result"
"118-56-9","No result"
"119-36-8","CHEBI:31832"
"2050-08-0","No result"
"118-58-1","No result"
"2153-66-4","No result"
"529-16-8","No result"
"ui","No result"
"765-46-8","No result"
"111-02-4",""
"100-42-5","CHEBI:27452
CHEBI:48095"
"548740-99-4","No result"
"51755-83-0","CHEBI:77690"
"80-07-9","No result"
"05/09/7446",""
"99-86-5","CHEBI:10334"
"99-84-3","CHEBI:59159"
"99-85-4","CHEBI:10577"
"586-62-9","CHEBI:9457"
"10482-56-1","CHEBI:62"
"586-81-2","CHEBI:81151"
"36313-15-2","No result"
"79-34-5","CHEBI:36026"
"127-18-4","CHEBI:17300"
"1198-55-6","CHEBI:26889"
"58-90-2","No result"
"646-31-1","CHEBI:32936"
"2442-49-1","No result"
"124-25-4","CHEBI:84067"
"ui","No result"
"629-59-4","No result"
"544-63-8",""
"124-06-1","CHEBI:84849"
"124-10-7","No result"
"110-27-0","No result"
"127512-73-6","No result"
"112-72-1","CHEBI:77417"
"2345-27-9","CHEBI:79657"
"41446-78-0","No result"
"1120-36-1","CHEBI:77505"
"41446-63-3","No result"
"26444-03-1","CHEBI:37271
CHEBI:61366"
"22104-82-1","No result"
"1187-03-7","No result"
"494-90-6","CHEBI:50542
CHEBI:6750"
"2390-94-5",""
"7416-35-5","No result"
"109-99-9","CHEBI:26911"
"635-46-1","CHEBI:213323"
"488-23-3","No result"
"527-53-7","No result"
"95-93-2",""
"na","No result"
"594-82-1","No result"
"865-52-1","No result"
"2437-93-6","No result"
"62183-79-3","No result"
"52670-34-5","No result"
"2782-91-4","No result"
"632-22-4","CHEBI:84278"
"51410-11-8","No result"
"36431-72-8","No result"
"288-47-1","No result"
"504-78-9","CHEBI:50120"
"507-09-5","CHEBI:16555
CHEBI:17093
CHEBI:52477
CHEBI:30320"
"76926-49-3",""
"112-55-0","No result"
"75-08-1","No result"
"110-02-1","CHEBI:30856
CHEBI:48458"
"62-56-6","CHEBI:36946"
"02/05/2867",""
"89-83-8","CHEBI:25187"
"1334-78-7","CHEBI:27434
CHEBI:28476"
"108-88-3","CHEBI:17578"
"102-76-1",""
"ui","No result"
"75-25-2","CHEBI:38682"
"118-79-6","CHEBI:47696"
"108-70-3","CHEBI:49916"
"71-55-6","CHEBI:36015"
"79-00-5","CHEBI:36018"
"79-01-6","CHEBI:16602"
"75-69-4","CHEBI:48236"
"56961-20-7","No result"
"76-13-1","No result"
"638-67-5","CHEBI:32934"
"508-32-7","CHEBI:64266"
"10486-19-8","No result"
"ui","No result"
"629-50-5","CHEBI:35998"
"638-53-9","No result"
"1731-88-0","No result"
"112-70-9","CHEBI:34123"
"593-08-8","CHEBI:77928"
"24949-38-0","No result"
"25377-82-6","No result"
"74962-98-4","No result"
"20637-49-4","No result"
"75-50-3","CHEBI:18139
CHEBI:58389"
"1184-78-7","CHEBI:15724"
"108-67-8","CHEBI:34833"
"526-73-8","CHEBI:34037"
"95-63-6","CHEBI:34039"
"554-59-6","CHEBI:35663"
"76-22-2","CHEBI:36773
CHEBI:15396
CHEBI:15397"
"514-14-7","No result"
"13466-78-9",""
"610770-63-3","No result"
"464-06-2","No result"
"1203-08-3","No result"
"1678-81-5","No result"
"1839-63-0","CHEBI:34833"
"2234-75-5","No result"
"7094-26-0","No result"
"7667-55-2","No result"
"50874-76-5","No result"
"2408-37-9","No result"
"15890-40-1","No result"
"2815-57-8","No result"
"2815-58-9","No result"
"473-91-6","No result"
"55683-21-1","No result"
"62108-25-2","No result"
"62108-26-3","No result"
"62108-27-4","No result"
"31295-56-4","No result"
"10504-04-8","No result"
"35387-63-4","No result"
"ui","No result"
"74630-29-8","No result"
"2613-61-8","No result"
"52896-95-4","No result"
"7154-80-5","No result"
"1069-53-0","No result"
"16747-26-5","No result"
"3522-94-9","No result"
"921-47-1","No result"
"16747-30-1","No result"
"2199-41-9","No result"
"930-87-0","No result"
"na","No result"
"514-95-4","No result"
"ui","No result"
"62016-14-2","No result"
"62016-28-8","No result"
"62016-33-5","No result"
"62016-37-9","No result"
"144-19-4","No result"
"540-84-1","CHEBI:62805"
"560-21-4","No result"
"564-02-3","No result"
"565-75-3","No result"
"107-39-1","No result"
"107-40-4","No result"
"565-77-5","No result"
"598-96-9","No result"
"39761-64-3","No result"
"ui","No result"
"14667-55-1","No result"
"3855-78-5","No result"
"2437-72-1","No result"
"na","No result"
"123-63-7","CHEBI:27909"
"06/06/5981",""
"110-88-3","CHEBI:16842
CHEBI:17087
CHEBI:17478
CHEBI:18044
CHEBI:38043"
"732-26-3","No result"
"61215-70-1","No result"
"57084-17-0","No result"
"112-44-7","CHEBI:46202"
"ui","No result"
"1120-21-4","No result"
"112-37-8","CHEBI:32368"
"1731-86-8","No result"
"30207-98-8","CHEBI:77930"
"1653-30-1","CHEBI:77930"
"112-12-9","CHEBI:17700"
"53448-07-0","No result"
"28761-27-5","CHEBI:77444"
"821-95-4","CHEBI:77444"
"693-62-9","No result"
"4941-53-1","No result"
"764-97-6","No result"
"764-96-5","No result"
"ui","No result"
"112-38-9","CHEBI:83041"
"57-13-6","CHEBI:16199
CHEBI:48376"
"75-01-4","CHEBI:28509"
"109-92-2","No result"
"1487-18-9","No result"
"31093-57-9","No result"
"05/04/3718",""
"926-65-8","No result"
"4177-16-6","No result"
"65416-59-3","No result"
"106-42-3","CHEBI:27417"
"108-38-3","CHEBI:28488"
"95-47-6","CHEBI:28063
CHEBI:75250"
"1330-20-7","CHEBI:28063
CHEBI:27417
CHEBI:28488"
"108-68-9","CHEBI:38572"
"526-75-0","No result"
"14912-44-8","CHEBI:10341"