DTXSID	PREFERRED_NAME	CASRN	INCHIKEY	IUPAC_NAME	SMILES	INCHI_STRING	MOLECULAR_FORMULA	AVERAGE_MASS	MONOISOTOPIC_MASS	DATA_SOURCES	NUMBER_OF_PUBMED_ARTICLES	PUBCHEM_DATA_SOURCES	CPDAT_COUNT
DTXSID0020151	Benzyl acetate	140-11-4	QUKGYYKBILRGFE-UHFFFAOYSA-N	Benzyl acetate	CC(=O)OCC1=CC=CC=C1	InChI=1S/C9H10O2/c1-8(10)11-7-9-5-3-2-4-6-9/h2-6H,7H2,1H3	C9H10O2	150.177	150.068079562	105	44.0	101	18256
DTXSID5020152	Benzyl alcohol	100-51-6	WVDDGKGOMKODPV-UHFFFAOYSA-N	Phenylmethanol	OCC1=CC=CC=C1	InChI=1S/C7H8O/c8-6-7-4-2-1-3-5-7/h1-5,8H,6H2	C7H8O	108.14	108.057514878	137	777.0	292	522354
DTXSID6020224	4-Butyrolactone	96-48-0	YEJRWHAVMIAJKC-UHFFFAOYSA-N	Oxolan-2-one	O=C1CCCO1	InChI=1S/C4H6O2/c5-4-2-1-3-6-4/h1-3H2	C4H6O2	86.09	86.036779433	101	3550.0	125	191
DTXSID6020430	1,2-Dichlorobenzene	95-50-1	RFFLAFLAYFXFSW-UHFFFAOYSA-N	1,2-Dichlorobenzene	ClC1=C(Cl)C=CC=C1	InChI=1S/C6H4Cl2/c7-5-3-1-2-4-6(5)8/h1-4H	C6H4Cl2	147.0	145.9690055	133	151.0	205	49
DTXSID5020605	2-Ethyl-1-hexanol	104-76-7	YIWUKEYIRIRTPP-UHFFFAOYSA-N	2-Ethylhexan-1-ol	CCCCC(CC)CO	InChI=1/C8H18O/c1-3-5-6-8(4-2)7-9/h8-9H,3-7H2,1-2H3	C8H18O	130.231	130.1357652	117	90.0	103	362
DTXSID4020616	1,8-Cineol	470-82-6	WEEGYLXZBRQIMU-UHFFFAOYSA-N	1,3,3-Trimethyl-2-oxabicyclo[2.2.2]octane	CC12CCC(CC1)C(C)(C)O2	InChI=1S/C10H18O/c1-9(2)8-4-6-10(3,11-9)7-5-8/h8H,4-7H2,1-3H3	C10H18O	154.253	154.1357652	98	534.0	158	2318
DTXSID1020647	Furfural	98-01-1	HYBBIBNJHNGZAN-UHFFFAOYSA-N	Furan-2-carbaldehyde	O=CC1=CC=CO1	InChI=1S/C5H4O2/c6-4-5-2-1-3-7-5/h1-4H	C5H4O2	96.085	96.021129369	116	1432.0	112	49
DTXSID0020654	Geranyl acetate	105-87-3	HIGQPQRQIQDZMP-DHZHZOJOSA-N	(2E)-3,7-Dimethylocta-2,6-dien-1-yl acetate	CC(C)=CCC\C(C)=C\COC(C)=O	InChI=1S/C12H20O2/c1-10(2)6-5-7-11(3)8-9-14-12(4)13/h6,8H,5,7,9H2,1-4H3/b11-8+	C12H20O2	196.29	196.146329884	80	1.0	91	4731
DTXSID1020859	alpha-Methylbenzyl alcohol	98-85-1	WAPNOHKVXSQRPX-UHFFFAOYSA-N	1-Phenylethan-1-ol	CC(O)C1=CC=CC=C1	InChI=1/C8H10O/c1-7(9)8-5-3-2-4-6-8/h2-7,9H,1H3	C8H10O	122.167	122.073164942	69	68.0	126	13
DTXSID0021385	Folpet	133-07-3	HKIOYBQGHSTUDB-UHFFFAOYSA-N	2-[(Trichloromethyl)sulfanyl]-1H-isoindole-1,3(2H)-dione	ClC(Cl)(Cl)SN1C(=O)C2=C(C=CC=C2)C1=O	InChI=1S/C9H4Cl3NO2S/c10-9(11,12)16-13-7(14)5-3-1-2-4-6(5)8(13)15/h1-4H	C9H4Cl3NO2S	296.55	294.9028326	99	66.0	68	150
DTXSID3021483	Phenylacetaldehyde	122-78-1	DTUQWGWMVIHBKE-UHFFFAOYSA-N	Phenylacetaldehyde	O=CCC1=CC=CC=C1	InChI=1S/C8H8O/c9-7-6-8-4-2-1-3-5-8/h1-5,7H,6H2	C8H8O	120.151	120.057514878	84	108.0	120	51
DTXSID7021491	Benzonitrile	100-47-0	JFDZBHWFFUWGJE-UHFFFAOYSA-N	Benzonitrile	N#CC1=CC=CC=C1	InChI=1S/C7H5N/c8-6-7-4-2-1-3-5-7/h1-5H	C7H5N	103.124	103.042199165	93	180.0	148	13
DTXSID8021519	2-(2-Butoxyethoxy)ethanol	112-34-5	OAYXUHPQHDHDDZ-UHFFFAOYSA-N	2-(2-Butoxyethoxy)ethan-1-ol	CCCCOCCOCCO	InChI=1S/C8H18O3/c1-2-3-5-10-7-8-11-6-4-9/h9H,2-8H2,1H3	C8H18O3	162.229	162.12559444	113	19.0	95	875
DTXSID4021553	Decanal	112-31-2	KSMVZQYAVGTKIV-UHFFFAOYSA-N	Decanal	CCCCCCCCCC=O	InChI=1S/C10H20O/c1-2-3-4-5-6-7-8-9-10-11/h10H,2-9H2,1H3	C10H20O	156.269	156.151415264	88	45.0	99	3705
DTXSID9021554	Decanoic acid	334-48-5	GHVNFZFCNZKVNT-UHFFFAOYSA-N	Decanoic acid	CCCCCCCCCC(O)=O	InChI=1S/C10H20O2/c1-2-3-4-5-6-7-8-9-10(11)12/h2-9H2,1H3,(H,11,12)	C10H20O2	172.268	172.146329884	96	312.0	143	150
DTXSID6021589	Dodecanal	112-54-9	HFJRKMMYBMWEAD-UHFFFAOYSA-N	Dodecanal	CCCCCCCCCCCC=O	InChI=1S/C12H24O/c1-2-3-4-5-6-7-8-9-10-11-12-13/h12H,2-11H2,1H3	C12H24O	184.323	184.182715393	61	-	80	121
DTXSID5021590	Dodecanoic acid	143-07-7	POULHZVOKOAJMA-UHFFFAOYSA-N	Dodecanoic acid	CCCCCCCCCCCC(O)=O	InChI=1S/C12H24O2/c1-2-3-4-5-6-7-8-9-10-11-12(13)14/h2-11H2,1H3,(H,13,14)	C12H24O2	200.322	200.177630013	107	712.0	188	5051
DTXSID2021602	Hexadecanoic acid	57-10-3	IPCSVZSSVZVIGE-UHFFFAOYSA-N	Hexadecanoic acid	CCCCCCCCCCCCCCCC(O)=O	InChI=1S/C16H32O2/c1-2-3-4-5-6-7-8-9-10-11-12-13-14-15-16(17)18/h2-15H2,1H3,(H,17,18)	C16H32O2	256.43	256.24023027	106	5306.0	313	12013
DTXSID2021604	Hexanal	66-25-1	JARKCYVAAOWBJS-UHFFFAOYSA-N	Hexanal	CCCCCC=O	InChI=1S/C6H12O/c1-2-3-4-5-6-7/h6H,2-5H2,1H3	C6H12O	100.161	100.088815006	93	264.0	110	43
DTXSID7021607	Hexanoic acid	142-62-1	FUZZWVXGSFPDMH-UHFFFAOYSA-N	Hexanoic acid	CCCCCC(O)=O	InChI=1S/C6H12O2/c1-2-3-4-5-6(7)8/h2-5H2,1H3,(H,7,8)	C6H12O2	116.16	116.083729626	104	185.0	162	58
DTXSID5021621	2-Methylbutanoic acid	116-53-0	WLAMNBDJUVNPJU-UHFFFAOYSA-N	2-Methylbutanoic acid	CCC(C)C(O)=O	InChI=1/C5H10O2/c1-3-4(2)5(6)7/h4H,3H2,1-2H3,(H,6,7)	C5H10O2	102.133	102.068079562	82	68.0	130	17
DTXSID5021629	6-Methyl-5-hepten-2-one	110-93-0	UHEPJGULSIKKTP-UHFFFAOYSA-N	6-Methylhept-5-en-2-one	CC(C)=CCCC(C)=O	InChI=1S/C8H14O/c1-7(2)5-4-6-8(3)9/h5H,4,6H2,1-3H3	C8H14O	126.199	126.104465071	80	26.0	98	33
DTXSID9021639	Nonanal	124-19-6	GYHFUZHODSMOHU-UHFFFAOYSA-N	Nonanal	CCCCCCCCC=O	InChI=1S/C9H18O/c1-2-3-4-5-6-7-8-9-10/h9H,2-8H2,1H3	C9H18O	142.242	142.1357652	88	62.0	101	127
DTXSID3021641	Nonanoic acid	112-05-0	FBUKVWPVBMHYJY-UHFFFAOYSA-N	Nonanoic acid	CCCCCCCCC(O)=O	InChI=1S/C9H18O2/c1-2-3-4-5-6-7-8-9(10)11/h2-8H2,1H3,(H,10,11)	C9H18O2	158.241	158.13067982	116	94.0	144	145
DTXSID8021642	Octadecanoic acid	57-11-4	QIQXTHQIDYTFRH-UHFFFAOYSA-N	Octadecanoic acid	CCCCCCCCCCCCCCCCCC(O)=O	InChI=1S/C18H36O2/c1-2-3-4-5-6-7-8-9-10-11-12-13-14-15-16-17-18(19)20/h2-17H2,1H3,(H,19,20)	C18H36O2	284.484	284.271530399	115	2041.0	224	228662
DTXSID3021643	Octanal	124-13-0	NUJGJRNETVAIRJ-UHFFFAOYSA-N	Octanal	CCCCCCCC=O	InChI=1S/C8H16O/c1-2-3-4-5-6-7-8-9/h8H,2-7H2,1H3	C8H16O	128.215	128.120115135	95	46.0	113	113
DTXSID3021645	Octanoic acid	124-07-2	WWZKQHOCKIZLMA-UHFFFAOYSA-N	Octanoic acid	CCCCCCCC(O)=O	InChI=1S/C8H16O2/c1-2-3-4-5-6-7-8(9)10/h2-7H2,1H3,(H,9,10)	C8H16O2	144.214	144.115029755	113	979.0	159	2086
DTXSID1021665	Tetradecanal	124-25-4	UHUFTBALEZWWIH-UHFFFAOYSA-N	Tetradecanal	CCCCCCCCCCCCCC=O	InChI=1S/C14H28O/c1-2-3-4-5-6-7-8-9-10-11-12-13-14-15/h14H,2-13H2,1H3	C14H28O	212.377	212.214015522	58	7.0	74	21
DTXSID4021682	Tridecanal	10486-19-8	BGEHHAVMRVXCGR-UHFFFAOYSA-N	Tridecanal	CCCCCCCCCCCCC=O	InChI=1S/C13H26O/c1-2-3-4-5-6-7-8-9-10-11-12-13-14/h13H,2-12H2,1H3	C13H26O	198.35	198.198365457	37	-	56	7
DTXSID4021688	Undecanal	112-44-7	KMPQYAYAQWNLME-UHFFFAOYSA-N	Undecanal	CCCCCCCCCCC=O	InChI=1S/C11H22O/c1-2-3-4-5-6-7-8-9-10-11-12/h11H,2-10H2,1H3	C11H22O	170.296	170.167065328	67	9.0	80	50
DTXSID9021689	Undecane	1120-21-4	RSJKGSCJYJTIGS-UHFFFAOYSA-N	Undecane	CCCCCCCCCCC	InChI=1S/C11H24/c1-3-5-7-9-11-10-8-6-4-2/h3-11H2,1-2H3	C11H24	156.313	156.1878007728	90	70.0	185	65
DTXSID4021769	beta-Ionone	79-77-6	PSQYTAPXSHCGMF-BQYQJAHWSA-N	(3E)-4-(2,6,6-Trimethylcyclohex-1-en-1-yl)but-3-en-2-one	CC(=O)\C=C\C1=C(C)CCCC1(C)C	InChI=1S/C13H20O/c1-10-6-5-9-13(3,4)12(10)8-7-11(2)14/h7-8H,5-6,9H2,1-4H3/b8-7+	C13H20O	192.302	192.151415264	70	174.0	105	43
DTXSID7021780	Diethyl phthalate	84-66-2	FLKPEMZONWLCSK-UHFFFAOYSA-N	Diethyl benzene-1,2-dicarboxylate	CCOC(=O)C1=CC=CC=C1C(=O)OCC	InChI=1S/C12H14O4/c1-3-15-11(13)9-7-5-6-8-10(9)12(14)16-4-2/h5-8H,3-4H2,1-2H3	C12H14O4	222.24	222.089208931	160	219.0	132	266
DTXSID8021808	o-Cresol	95-48-7	QWVGKYWNOKOFNN-UHFFFAOYSA-N	2-Methylphenol	CC1=C(O)C=CC=C1	InChI=1S/C7H8O/c1-6-4-2-3-5-7(6)8/h2-5,8H,1H3	C7H8O	108.14	108.057514878	130	184.0	182	57
DTXSID6021828	Acetophenone	98-86-2	KWOLFJPFCHCOCG-UHFFFAOYSA-N	1-Phenylethan-1-one	CC(=O)C1=CC=CC=C1	InChI=1S/C8H8O/c1-7(9)8-5-3-2-4-6-8/h2-6H,1H3	C8H8O	120.151	120.057514878	128	286.0	149	94
DTXSID0021888	2-Pentanone	107-87-9	XNLICIUVMPYHGG-UHFFFAOYSA-N	Pentan-2-one	CCCC(C)=O	InChI=1S/C5H10O/c1-3-4-5(2)6/h3-4H2,1-2H3	C5H10O	86.134	86.073164942	98	19.0	111	30
DTXSID5021916	2-Heptanone	110-43-0	CATSNJVOTSVZJV-UHFFFAOYSA-N	Heptan-2-one	CCCCCC(C)=O	InChI=1S/C7H14O/c1-3-4-5-6-7(2)8/h3-6H2,1-2H3	C7H14O	114.188	114.104465071	101	61.0	106	93
DTXSID4021927	2-Octanone	111-13-7	ZPVFWPFBNIEHGJ-UHFFFAOYSA-N	Octan-2-one	CCCCCCC(C)=O	InChI=1S/C8H16O/c1-3-4-5-6-7-8(2)9/h3-7H2,1-2H3	C8H16O	128.215	128.120115135	67	17.0	101	30
DTXSID8021931	1-Hexanol	111-27-3	ZSIAUFGUXNUGDI-UHFFFAOYSA-N	Hexan-1-ol	CCCCCCO	InChI=1S/C6H14O/c1-2-3-4-5-6-7/h7H,2-6H2,1H3	C6H14O	102.177	102.104465071	113	144.0	160	120
DTXSID7021940	1-Octanol	111-87-5	KBPLFHHGFOOTCA-UHFFFAOYSA-N	Octan-1-ol	CCCCCCCCO	InChI=1S/C8H18O/c1-2-3-4-5-6-7-8-9/h9H,2-8H2,1H3	C8H18O	130.231	130.1357652	120	658.0	189	165
DTXSID0021961	Benzophenone	119-61-9	RWCCWEUUXYIKHB-UHFFFAOYSA-N	Diphenylmethanone	O=C(C1=CC=CC=C1)C1=CC=CC=C1	InChI=1S/C13H10O/c14-13(11-7-3-1-4-8-11)12-9-5-2-6-10-12/h1-10H	C13H10O	182.222	182.073164942	135	456.0	140	397
DTXSID3021980	Ethyl hexanoate	123-66-0	SHZIWNPUGXLXDT-UHFFFAOYSA-N	Ethyl hexanoate	CCCCCC(=O)OCC	InChI=1S/C8H16O2/c1-3-5-6-7-8(9)10-4-2/h3-7H2,1-2H3	C8H16O2	144.214	144.115029755	74	37.0	86	25
DTXSID6022006	Hexyl acetate	142-92-7	AOGQPLXWSUTHQB-UHFFFAOYSA-N	Hexyl acetate	CCCCCCOC(C)=O	InChI=1S/C8H16O2/c1-3-4-5-6-7-10-8(2)9/h3-7H2,1-2H3	C8H16O2	144.214	144.115029755	76	-	91	67
DTXSID6022008	1-Nonanol	143-08-8	ZWRUINPWMLAQRD-UHFFFAOYSA-N	Nonan-1-ol	CCCCCCCCCO	InChI=1S/C9H20O/c1-2-3-4-5-6-7-8-9-10/h10H,2-9H2,1H3	C9H20O	144.258	144.151415264	88	8.0	120	31
DTXSID9022104	2-Decanone	693-54-9	ZAJNGDIORYACQU-UHFFFAOYSA-N	Decan-2-one	CCCCCCCCC(C)=O	InChI=1S/C10H20O/c1-3-4-5-6-7-8-9-10(2)11/h3-9H2,1-2H3	C10H20O	156.269	156.151415264	60	-	76	6
DTXSID3022114	N,N-Dibutylformamide	761-65-9	NZMAJUHVSZBJHL-UHFFFAOYSA-N	N,N-Dibutylformamide	CCCCN(CCCC)C=O	InChI=1S/C9H19NO/c1-3-5-7-10(9-11)8-6-4-2/h9H,3-8H2,1-2H3	C9H19NO	157.257	157.146664236	41	-	65	6
DTXSID6022137	(Z)-3-Hexen-1-ol	928-96-1	UFLHIIWVXFIJGU-ARJAWSKDSA-N	(3Z)-Hex-3-en-1-ol	CC\C=C/CCO	InChI=1S/C6H12O/c1-2-3-4-5-6-7/h3-4,7H,2,5-6H2,1H3/b4-3-	C6H12O	100.161	100.088815006	72	60.0	69	83
DTXSID4022236	2-Dodecanone	6175-49-1	LSKONYYRONEBKA-UHFFFAOYSA-N	Dodecan-2-one	CCCCCCCCCCC(C)=O	InChI=1S/C12H24O/c1-3-4-5-6-7-8-9-10-11-12(2)13/h3-11H2,1-2H3	C12H24O	184.323	184.182715393	37	-	66	6
DTXSID3022455	Dimethyl phthalate	131-11-3	NIQCNGHVCWTJSM-UHFFFAOYSA-N	Dimethyl benzene-1,2-dicarboxylate	COC(=O)C1=C(C=CC=C1)C(=O)OC	InChI=1S/C10H10O4/c1-13-9(11)7-5-3-4-6-8(7)10(12)14-2/h3-6H,1-2H3	C10H10O4	194.186	194.057908802	143	188.0	103	144
DTXSID6024175	Metalaxyl	57837-19-1	ZQEIXNIJLIKNTD-UHFFFAOYSA-N	Methyl N-(2,6-dimethylphenyl)-N-(methoxyacetyl)alaninate	COCC(=O)N(C(C)C(=O)OC)C1=C(C)C=CC=C1C	InChI=1/C15H21NO4/c1-10-7-6-8-11(2)14(10)16(13(17)9-19-4)12(3)15(18)20-5/h6-8,12H,9H2,1-5H3	C15H21NO4	279.336	279.14705816	97	171.0	69	177
DTXSID6024200	m-Cresol	108-39-4	RLSSMJSEOOYNOY-UHFFFAOYSA-N	3-Methylphenol	CC1=CC(O)=CC=C1	InChI=1S/C7H8O/c1-6-3-2-4-7(8)5-6/h2-5,8H,1H3	C7H8O	108.14	108.057514878	118	525.0	144	70
DTXSID8024315	Myclobutanil	88671-89-0	HZJKXKUJVSEEFU-UHFFFAOYSA-N	2-(4-Chlorophenyl)-2-[(1H-1,2,4-triazol-1-yl)methyl]hexanenitrile	CCCCC(CN1C=NC=N1)(C#N)C1=CC=C(Cl)C=C1	InChI=1/C15H17ClN4/c1-2-3-8-15(9-17,10-20-12-18-11-19-20)13-4-6-14(16)7-5-13/h4-7,11-12H,2-3,8,10H2,1H3	C15H17ClN4	288.78	288.1141743	111	55.0	79	152
DTXSID6024911	(E,E)-2,4-Decadienal	25152-84-5	JZQKTMZYLHNFPL-BLHCBFLLSA-N	(2E,4E)-Deca-2,4-dienal	CCCCC\C=C\C=C\C=O	InChI=1S/C10H16O/c1-2-3-4-5-6-7-8-9-10-11/h6-10H,2-5H2,1H3/b7-6+,9-8+	C10H16O	152.237	152.120115135	54	-	94	15
DTXSID6024913	Decane	124-18-5	DIOQZVSQGTUSAI-UHFFFAOYSA-N	Decane	CCCCCCCCCC	InChI=1S/C10H22/c1-3-5-7-9-10-8-6-4-2/h3-10H2,1-2H3	C10H22	142.286	142.1721507084	104	217.0	258	26
DTXSID6024917	Diacetone alcohol	123-42-2	SWXVUIWOUIDPGS-UHFFFAOYSA-N	4-Hydroxy-4-methylpentan-2-one	CC(=O)CC(C)(C)O	InChI=1S/C6H12O2/c1-5(7)4-6(2,3)8/h8H,4H2,1-3H3	C6H12O2	116.16	116.083729626	96	10.0	87	268
DTXSID1025227	Eicosane	112-95-8	CBFCDTFDPHXCNY-UHFFFAOYSA-N	Icosane	CCCCCCCCCCCCCCCCCCCC	InChI=1S/C20H42/c1-3-5-7-9-11-13-15-17-19-20-18-16-14-12-10-8-6-4-2/h3-20H2,1-2H3	C20H42	282.556	282.3286513524	69	31.0	96	52
DTXSID9025293	2-Ethylhexanoic acid	149-57-5	OBETXYAYXDNJHR-UHFFFAOYSA-N	2-Ethylhexanoic acid	CCCCC(CC)C(O)=O	InChI=1/C8H16O2/c1-3-5-6-7(4-2)8(9)10/h7H,3-6H2,1-2H3,(H,9,10)	C8H16O2	144.214	144.115029755	102	63.0	111	259
DTXSID2025391	(2E,4E)-2,4-Hexadienal	142-83-6	BATOPAZDIZEVQF-MQQKCMAXSA-N	(2E,4E)-Hexa-2,4-dienal	C\C=C\C=C\C=O	InChI=1S/C6H8O/c1-2-3-4-5-6-7/h2-6H,1H3/b3-2+,5-4+	C6H8O	96.129	96.057514878	57	9.0	92	7
DTXSID9025453	3-Methylbutyl acetate	123-92-2	MLFHJEHSLIIPHL-UHFFFAOYSA-N	3-Methylbutyl acetate	CC(C)CCOC(C)=O	InChI=1S/C7H14O2/c1-6(2)4-5-9-7(3)8/h6H,4-5H2,1-3H3	C7H14O2	130.187	130.099379691	94	125.0	92	121
DTXSID3025469	Isopentyl alcohol	123-51-3	PHTQWCKDNZKARW-UHFFFAOYSA-N	3-Methylbutan-1-ol	CC(C)CCO	InChI=1S/C5H12O/c1-5(2)3-4-6/h5-6H,3-4H2,1-2H3	C5H12O	88.15	88.088815006	96	165.0	116	22
DTXSID7025502	Linalool	78-70-6	CDOSHBSSFJOMGT-UHFFFAOYSA-N	3,7-Dimethylocta-1,6-dien-3-ol	CC(C)=CCCC(C)(O)C=C	InChI=1/C10H18O/c1-5-10(4,11)8-6-7-9(2)3/h5,7,11H,1,6,8H2,2-4H3	C10H18O	154.253	154.1357652	106	519.0	118	454875
DTXSID5025572	Methyl benzoate	93-58-3	QPJVMBTYPHYUOC-UHFFFAOYSA-N	Methyl benzoate	COC(=O)C1=CC=CC=C1	InChI=1S/C8H8O2/c1-10-8(9)7-5-3-2-4-6-7/h2-6H,1H3	C8H8O2	136.15	136.052429498	91	68.0	122	95
DTXSID5025659	Methyl salicylate	119-36-8	OSWPMRLSEDHDFF-UHFFFAOYSA-N	Methyl 2-hydroxybenzoate	COC(=O)C1=C(O)C=CC=C1	InChI=1S/C8H8O3/c1-11-8(10)6-4-2-3-5-7(6)9/h2-5,9H,1H3	C8H8O3	152.149	152.047344118	118	361.0	148	3391
DTXSID6025692	Myrcene	123-35-3	UAHWPYUMFXYFJY-UHFFFAOYSA-N	7-Methyl-3-methylideneocta-1,6-diene	CC(C)=CCCC(=C)C=C	InChI=1S/C10H16/c1-5-10(4)8-6-7-9(2)3/h5,7H,1,4,6,8H2,2-3H3	C10H16	136.238	136.1252005152	99	141.0	90	90
DTXSID8026488	Camphene	79-92-5	CRPUJAZIXJMDBK-UHFFFAOYSA-N	2,2-Dimethyl-3-methylidenebicyclo[2.2.1]heptane	CC1(C)C2CCC(C2)C1=C	InChI=1/C10H16/c1-7-8-4-5-9(6-8)10(7,2)3/h8-9H,1,4-6H2,2-3H3	C10H16	136.238	136.1252005152	90	68.0	91	93
DTXSID4026501	alpha-Pinene	80-56-8	GRWFGVWFFZKLTI-UHFFFAOYSA-N	2,6,6-Trimethylbicyclo[3.1.1]hept-2-ene	CC1=CCC2CC1C2(C)C	InChI=1/C10H16/c1-7-4-5-8-6-9(7)10(8,2)3/h4,8-9H,5-6H2,1-3H3	C10H16	136.238	136.1252005152	91	544.0	95	159
DTXSID3026726	Citronellol	106-22-9	QMVPMAAFGQKVCJ-UHFFFAOYSA-N	3,7-Dimethyloct-6-en-1-ol	CC(CCO)CCC=C(C)C	InChI=1/C10H20O/c1-9(2)5-4-6-10(3)7-8-11/h5,10-11H,4,6-8H2,1-3H3	C10H20O	156.269	156.151415264	98	131.0	97	188613
DTXSID8026727	Geraniol	106-24-1	GLZPCOQZEFWAFX-JXMROGBWSA-N	(2E)-3,7-Dimethylocta-2,6-dien-1-ol	CC(C)=CCC\C(C)=C\CO	InChI=1S/C10H18O/c1-9(2)5-4-6-10(3)7-8-11/h5,7,11H,4,6,8H2,1-3H3/b10-7+	C10H18O	154.253	154.1357652	99	415.0	140	171261
DTXSID0026838	Isopropyl tetradecanoate	110-27-0	AXISYYRBXTVTFY-UHFFFAOYSA-N	Propan-2-yl tetradecanoate	CCCCCCCCCCCCCC(=O)OC(C)C	InChI=1S/C17H34O2/c1-4-5-6-7-8-9-10-11-12-13-14-15-17(18)19-16(2)3/h16H,4-15H2,1-3H3	C17H34O2	270.457	270.255880335	83	236.0	76	28311
DTXSID4026842	Methyl decanoate	110-42-9	YRHYCMZPEVDGFQ-UHFFFAOYSA-N	Methyl decanoate	CCCCCCCCCC(=O)OC	InChI=1S/C11H22O2/c1-3-4-5-6-7-8-9-10-11(12)13-2/h3-10H2,1-2H3	C11H22O2	186.295	186.161979948	65	-	80	11
DTXSID2026864	Methyl octanoate	111-11-5	JGHZJRVDZXSNKQ-UHFFFAOYSA-N	Methyl octanoate	CCCCCCCC(=O)OC	InChI=1S/C9H18O2/c1-3-4-5-6-7-8-9(10)11-2/h3-8H2,1-2H3	C9H18O2	158.241	158.13067982	77	6.0	91	12
DTXSID5026889	Methyl dodecanoate	111-82-0	UQDUPQYQJKYHQI-UHFFFAOYSA-N	Methyl dodecanoate	CCCCCCCCCCCC(=O)OC	InChI=1S/C13H26O2/c1-3-4-5-6-7-8-9-10-11-12-13(14)15-2/h3-12H2,1-2H3	C13H26O2	214.349	214.193280077	87	12.0	85	68
DTXSID0026915	1-Undecanol	112-42-5	KJIOQYGWTQBHNH-UHFFFAOYSA-N	Undecan-1-ol	CCCCCCCCCCCO	InChI=1S/C11H24O/c1-2-3-4-5-6-7-8-9-10-11-12/h12H,2-11H2,1H3	C11H24O	172.312	172.182715393	79	-	90	40
DTXSID5026918	1-Dodecanol	112-53-8	LQZZUXJYWNFBMV-UHFFFAOYSA-N	Dodecan-1-ol	CCCCCCCCCCCCO	InChI=1S/C12H26O/c1-2-3-4-5-6-7-8-9-10-11-12-13/h13H,2-12H2,1H3	C12H26O	186.339	186.198365457	103	189.0	120	267
DTXSID9026926	1-Tetradecanol	112-72-1	HLZKNKRTKFSKGZ-UHFFFAOYSA-N	Tetradecan-1-ol	CCCCCCCCCCCCCCO	InChI=1S/C14H30O/c1-2-3-4-5-6-7-8-9-10-11-12-13-14-15/h15H,2-14H2,1H3	C14H30O	214.393	214.229665586	90	16.0	121	128
DTXSID3026932	1-Octadecene	112-88-9	CCCMONHAUSKTEQ-UHFFFAOYSA-N	Octadec-1-ene	CCCCCCCCCCCCCCCCC=C	InChI=1S/C18H36/c1-3-5-7-9-11-13-15-17-18-16-14-12-10-8-6-4-2/h3H,1,4-18H2,2H3	C18H36	252.486	252.2817011592	62	20.0	92	30
DTXSID8026935	1-Octadecanol	112-92-5	GLDOVTGHNKAZLK-UHFFFAOYSA-N	Octadecan-1-ol	CCCCCCCCCCCCCCCCCCO	InChI=1S/C18H38O/c1-2-3-4-5-6-7-8-9-10-11-12-13-14-15-16-17-18-19/h19H,2-18H2,1H3	C18H38O	270.501	270.292265844	81	44.0	106	698
DTXSID7026946	Linalyl acetate	115-95-7	UWKAYLJWKGQEPM-UHFFFAOYSA-N	3,7-Dimethylocta-1,6-dien-3-yl acetate	CC(C)=CCCC(C)(OC(C)=O)C=C	InChI=1/C12H20O2/c1-6-12(5,14-11(4)13)9-7-8-10(2)3/h6,8H,1,7,9H2,2-5H3	C12H20O2	196.29	196.146329884	86	56.0	83	10584
DTXSID0027014	2-Octanol	123-96-6	SJWFXCIHNDVPSH-UHFFFAOYSA-N	Octan-2-ol	CCCCCCC(C)O	InChI=1/C8H18O/c1-3-4-5-6-7-8(2)9/h8-9H,3-7H2,1-2H3	C8H18O	130.231	130.1357652	77	34.0	134	12
DTXSID5027019	Methyl tetradecanoate	124-10-7	ZAZKJZBWRNNLDS-UHFFFAOYSA-N	Methyl tetradecanoate	CCCCCCCCCCCCCC(=O)OC	InChI=1S/C15H30O2/c1-3-4-5-6-7-8-9-10-11-12-13-14-15(16)17-2/h3-14H2,1-2H3	C15H30O2	242.403	242.224580206	60	4.0	72	24
DTXSID9027104	Hexadecanoic acid, 1-methylethyl ester	142-91-6	XUGNVMKQXJXZCD-UHFFFAOYSA-N	Propan-2-yl hexadecanoate	CCCCCCCCCCCCCCCC(=O)OC(C)C	InChI=1S/C19H38O2/c1-4-5-6-7-8-9-10-11-12-13-14-15-16-17-19(20)21-18(2)3/h18H,4-17H2,1-3H3	C19H38O2	298.511	298.287180464	67	26.0	68	6893
DTXSID0027195	Hexadecane	544-76-3	DCAYPVUWAIABOU-UHFFFAOYSA-N	Hexadecane	CCCCCCCCCCCCCCCC	InChI=1S/C16H34/c1-3-5-7-9-11-13-15-16-14-12-10-8-6-4-2/h3-16H2,1-2H3	C16H34	226.448	226.2660510948	90	584.0	172	78
DTXSID0027222	Terpinolene	586-62-9	MOYAFQVGZZPNRA-UHFFFAOYSA-N	1-Methyl-4-(propan-2-ylidene)cyclohex-1-ene	CC(C)=C1CCC(C)=CC1	InChI=1S/C10H16/c1-8(2)10-6-4-9(3)5-7-10/h4H,5-7H2,1-3H3	C10H16	136.238	136.1252005152	93	38.0	68	159
DTXSID6027266	Tridecane	629-50-5	IIYFAKIEWZDVMP-UHFFFAOYSA-N	Tridecane	CCCCCCCCCCCCC	InChI=1S/C13H28/c1-3-5-7-9-11-13-12-10-8-6-4-2/h3-13H2,1-2H3	C13H28	184.367	184.2191009016	88	22.0	155	64
DTXSID1027267	Tetradecane	629-59-4	BGHCVCJVXZWKCC-UHFFFAOYSA-N	Tetradecane	CCCCCCCCCCCCCC	InChI=1S/C14H30/c1-3-5-7-9-11-13-14-12-10-8-6-4-2/h3-14H2,1-2H3	C14H30	198.394	198.234750966	88	102.0	155	74
DTXSID6027268	Pentadecane	629-62-9	YCOZIPAWZNQLMR-UHFFFAOYSA-N	Pentadecane	CCCCCCCCCCCCCCC	InChI=1S/C15H32/c1-3-5-7-9-11-13-15-14-12-10-8-6-4-2/h3-15H2,1-2H3	C15H32	212.421	212.2504010304	86	34.0	149	47
DTXSID0027270	1-Pentadecanol	629-76-5	REIUXOLGHVXAEO-UHFFFAOYSA-N	Pentadecan-1-ol	CCCCCCCCCCCCCCCO	InChI=1S/C15H32O/c1-2-3-4-5-6-7-8-9-10-11-12-13-14-15-16/h16H,2-15H2,1H3	C15H32O	228.42	228.24531565	59	-	86	9
DTXSID4027367	1-Tetradecene	1120-36-1	HFDVRLIODXPAHB-UHFFFAOYSA-N	Tetradec-1-ene	CCCCCCCCCCCCC=C	InChI=1S/C14H28/c1-3-5-7-9-11-13-14-12-10-8-6-4-2/h3H,1,4-14H2,2H3	C14H28	196.378	196.2191009016	70	-	85	32
DTXSID4027991	1-Hexadecanol	36653-82-4	BXWNKGSJHAJOGX-UHFFFAOYSA-N	Hexadecan-1-ol	CCCCCCCCCCCCCCCCO	InChI=1S/C16H34O/c1-2-3-4-5-6-7-8-9-10-11-12-13-14-15-16-17/h17H,2-16H2,1H3	C16H34O	242.447	242.260965715	97	965.0	122	118446
DTXSID4029149	Methyl hexadecanoate	112-39-0	FLIACVVOZYBSBS-UHFFFAOYSA-N	Methyl hexadecanoate	CCCCCCCCCCCCCCCC(=O)OC	InChI=1S/C17H34O2/c1-3-4-5-6-7-8-9-10-11-12-13-14-15-16-17(18)19-2/h3-16H2,1-2H3	C17H34O2	270.457	270.255880335	67	75.0	90	17
DTXSID8029153	Benzyl benzoate	120-51-4	SESFRYSPDFLNCH-UHFFFAOYSA-N	Benzyl benzoate	O=C(OCC1=CC=CC=C1)C1=CC=CC=C1	InChI=1S/C14H12O2/c15-14(13-9-5-2-6-10-13)16-11-12-7-3-1-4-8-12/h1-10H,11H2	C14H12O2	212.248	212.083729626	105	220.0	145	50575
DTXSID5029182	Isovaleric acid	503-74-2	GWYFCOCPABKNJV-UHFFFAOYSA-N	3-Methylbutanoic acid	CC(C)CC(O)=O	InChI=1S/C5H10O2/c1-4(2)3-5(6)7/h4H,3H2,1-2H3,(H,6,7)	C5H10O2	102.133	102.068079562	83	260.0	138	15
DTXSID6029206	Methyl behenate	929-77-1	QSQLTHHMFHEFIY-UHFFFAOYSA-N	Methyl docosanoate	CCCCCCCCCCCCCCCCCCCCCC(=O)OC	InChI=1S/C23H46O2/c1-3-4-5-6-7-8-9-10-11-12-13-14-15-16-17-18-19-20-21-22-23(24)25-2/h3-22H2,1-2H3	C23H46O2	354.619	354.349780721	35	-	55	-
DTXSID8029317	1,1,5-Trimethyl-6-heptenol	18479-58-8	XSNQECSCDATQEL-UHFFFAOYSA-N	2,6-Dimethyloct-7-en-2-ol	CC(CCCC(C)(C)O)C=C	InChI=1/C10H20O/c1-5-9(2)7-6-8-10(3,4)11/h5,9,11H,1,6-8H2,2-4H3	C10H20O	156.269	156.151415264	58	-	60	10467
DTXSID8029606	3-Methylbut-2-enal	107-86-8	SEPQTYODOKLVSB-UHFFFAOYSA-N	3-Methylbut-2-enal	CC(C)=CC=O	InChI=1S/C5H8O/c1-5(2)3-4-6/h3-4H,1-2H3	C5H8O	84.118	84.057514878	62	3.0	76	5
DTXSID2029612	Limonene	138-86-3	XMGQYMWWDOXHJM-UHFFFAOYSA-N	1-Methyl-4-(prop-1-en-2-yl)cyclohex-1-ene	CC(=C)C1CCC(C)=CC1	InChI=1/C10H16/c1-8(2)10-6-4-9(3)5-7-10/h4,10H,1,5-7H2,2-3H3	C10H16	136.238	136.1252005152	95	1005.0	123	2880
DTXSID8030138	2,5-Hexanedione	110-13-4	OJVAMHKKJGICOG-UHFFFAOYSA-N	Hexane-2,5-dione	CC(=O)CCC(C)=O	InChI=1S/C6H10O2/c1-5(7)3-4-6(2)8/h3-4H2,1-2H3	C6H10O2	114.144	114.068079562	63	419.0	97	-
DTXSID1032359	Cyprodinil	121552-61-2	HAORKNGNJCEJBX-UHFFFAOYSA-N	4-Cyclopropyl-6-methyl-N-phenylpyrimidin-2-amine	CC1=NC(NC2=CC=CC=C2)=NC(=C1)C1CC1	InChI=1S/C14H15N3/c1-10-9-13(11-7-8-11)17-14(15-10)16-12-5-3-2-4-6-12/h2-6,9,11H,7-8H2,1H3,(H,15,16,17)	C14H15N3	225.295	225.126597495	89	50.0	52	97
DTXSID0034229	gamma-Nonanolactone	104-61-0	OALYTRUKMRCXNH-UHFFFAOYSA-N	5-Pentyloxolan-2-one	CCCCCC1CCC(=O)O1	InChI=1/C9H16O2/c1-2-3-4-5-8-6-7-9(10)11-8/h8H,2-7H2,1H3	C9H16O2	156.225	156.115029755	72	-	63	81
DTXSID3035214	1-Octen-3-ol	3391-86-4	VSMOENVRRABVKN-UHFFFAOYSA-N	Oct-1-en-3-ol	CCCCCC(O)C=C	InChI=1/C8H16O/c1-3-5-6-7-8(9)4-2/h4,8-9H,2-3,5-7H2,1H3	C8H16O	128.215	128.120115135	72	158.0	80	51
DTXSID3036105	2-tert-Butylcyclohexyl acetate	88-41-5	FINOAUDUYKVGDS-UHFFFAOYSA-N	2-tert-Butylcyclohexyl acetate	CC(=O)OC1CCCCC1C(C)(C)C	InChI=1/C12H22O2/c1-9(13)14-11-8-6-5-7-10(11)12(2,3)4/h10-11H,5-8H2,1-4H3	C12H22O2	198.306	198.161979948	62	-	44	112
DTXSID2038732	Diethyl butanedioate	123-25-1	DKMROQRQHGEIOW-UHFFFAOYSA-N	Diethyl butanedioate	CCOC(=O)CCC(=O)OCC	InChI=1S/C8H14O4/c1-3-11-7(9)5-6-8(10)12-4-2/h3-6H2,1-2H3	C8H14O4	174.196	174.089208931	77	8.0	93	15
DTXSID8039241	Benzaldehyde	100-52-7	HUMNYLRZRPPJDN-UHFFFAOYSA-N	Benzaldehyde	O=CC1=CC=CC=C1	InChI=1S/C7H6O/c8-6-7-4-2-1-3-5-7/h1-6H	C7H6O	106.124	106.041864813	117	666.0	184	1773
DTXSID6040111	Ethyl butyrate	105-54-4	OBNCKNCVKJNDBV-UHFFFAOYSA-N	Ethyl butanoate	CCCC(=O)OCC	InChI=1S/C6H12O2/c1-3-5-6(7)8-4-2/h3-5H2,1-2H3	C6H12O2	116.16	116.083729626	80	48.0	93	225
DTXSID8040567	Ocimene (E)	3779-61-1	IHPKGUQCSIINRJ-CSKARUKUSA-N	(3E)-3,7-Dimethylocta-1,3,6-triene	CC(C)=CC\C=C(/C)C=C	InChI=1S/C10H16/c1-5-10(4)8-6-7-9(2)3/h5,7-8H,1,6H2,2-4H3/b10-8+	C10H16	136.238	136.1252005152	17	-	54	4
DTXSID6041210	gamma-Terpinene	99-85-4	YKFLAYDHMOASIY-UHFFFAOYSA-N	1-Methyl-4-(propan-2-yl)cyclohexa-1,4-diene	CC(C)C1=CCC(C)=CC1	InChI=1S/C10H16/c1-8(2)10-6-4-9(3)5-7-10/h4,7-8H,5-6H2,1-3H3	C10H16	136.238	136.1252005152	79	137.0	67	108
DTXSID6041472	3,5-Dimethyl-1-hexyn-3-ol	107-54-0	NECRQCBKTGZNMH-UHFFFAOYSA-N	3,5-Dimethylhex-1-yn-3-ol	CC(C)CC(C)(O)C#C	InChI=1/C8H14O/c1-5-8(4,9)6-7(2)3/h1,7,9H,6H2,2-4H3	C8H14O	126.199	126.104465071	46	-	73	10
DTXSID9041520	4-Methylbenzaldehyde	104-87-0	FXLOVSHXALFLKQ-UHFFFAOYSA-N	4-Methylbenzaldehyde	CC1=CC=C(C=O)C=C1	InChI=1S/C8H8O/c1-7-2-4-8(6-9)5-3-7/h2-6H,1H3	C8H8O	120.151	120.057514878	71	2.0	105	16
DTXSID3041790	Citronellal	106-23-0	NEHNMFOYXAPHSD-UHFFFAOYSA-N	3,7-Dimethyloct-6-enal	CC(CCC=C(C)C)CC=O	InChI=1/C10H18O/c1-9(2)5-4-6-10(3)7-8-11/h5,8,10H,4,6-7H2,1-3H3	C10H18O	154.253	154.1357652	71	84.0	84	3111
DTXSID8044202	Octyl acetate	112-14-1	YLYBTZIQSIBWLI-UHFFFAOYSA-N	Octyl acetate	CCCCCCCCOC(C)=O	InChI=1S/C10H20O2/c1-3-4-5-6-7-8-9-12-10(2)11/h3-9H2,1-2H3	C10H20O2	172.268	172.146329884	68	16.0	82	25
DTXSID0044363	Ethyl decanoate	110-38-3	RGXWDWUGBIJHDO-UHFFFAOYSA-N	Ethyl decanoate	CCCCCCCCCC(=O)OCC	InChI=1S/C12H24O2/c1-3-5-6-7-8-9-10-11-12(13)14-4-2/h3-11H2,1-2H3	C12H24O2	200.322	200.177630013	62	7.0	77	12
DTXSID7044506	2-Phenylethyl acetate	103-45-7	MDHYEMXUFSJLGV-UHFFFAOYSA-N	2-Phenylethyl acetate	CC(=O)OCCC1=CC=CC=C1	InChI=1S/C10H12O2/c1-9(11)12-8-7-10-5-3-2-4-6-10/h2-6H,7-8H2,1H3	C10H12O2	164.204	164.083729626	75	20.0	92	62
DTXSID8044753	2,6-Dimethylhept-5-enal	106-72-9	YGFGZTXGYTUXBA-UHFFFAOYSA-N	2,6-Dimethylhept-5-enal	CC(CCC=C(C)C)C=O	InChI=1/C9H16O/c1-8(2)5-4-6-9(3)7-10/h5,7,9H,4,6H2,1-3H3	C9H16O	140.226	140.120115135	57	2.0	62	25
DTXSID4047044	Ethyl dodecanoate	106-33-2	MMXKVMNBHPAILY-UHFFFAOYSA-N	Ethyl dodecanoate	CCCCCCCCCCCC(=O)OCC	InChI=1S/C14H28O2/c1-3-5-6-7-8-9-10-11-12-13-14(15)16-4-2/h3-13H2,1-2H3	C14H28O2	228.376	228.208930142	60	8.0	75	11
DTXSID7047061	Heptadecane	629-78-7	NDJKXXJCMXVBJW-UHFFFAOYSA-N	Heptadecane	CCCCCCCCCCCCCCCCC	InChI=1S/C17H36/c1-3-5-7-9-11-13-15-17-16-14-12-10-8-6-4-2/h3-17H2,1-2H3	C17H36	240.475	240.2817011592	67	27.0	111	57
DTXSID2047062	(E)-2-Hexen-1-ol	928-95-0	ZCHHRLHTBGRGOT-SNAWJCMRSA-N	(2E)-Hex-2-en-1-ol	CCC\C=C\CO	InChI=1S/C6H12O/c1-2-3-4-5-6-7/h4-5,7H,2-3,6H2,1H3/b5-4+	C6H12O	100.161	100.088815006	47	2.0	75	5
DTXSID7047063	Docosane	629-97-0	HOWGUJZVBDQJKV-UHFFFAOYSA-N	Docosane	CCCCCCCCCCCCCCCCCCCCCC	InChI=1S/C22H46/c1-3-5-7-9-11-13-15-17-19-21-22-20-18-16-14-12-10-8-6-4-2/h3-22H2,1-2H3	C22H46	310.61	310.3599514812	52	11.0	83	10
DTXSID2047068	cis-3,7-Dimethyl-2,6-octadien-1-yl acetate	141-12-8	HIGQPQRQIQDZMP-FLIBITNWSA-N	(2Z)-3,7-Dimethylocta-2,6-dien-1-yl acetate	CC(C)=CCC\C(C)=C/COC(C)=O	InChI=1S/C12H20O2/c1-10(2)6-5-7-11(3)8-9-14-12(4)13/h6,8H,5,7,9H2,1-4H3/b11-8-	C12H20O2	196.29	196.146329884	54	1.0	56	49
DTXSID5047083	Methyl butyrate	623-42-7	UUIQMZJEGPQKFD-UHFFFAOYSA-N	Methyl butanoate	CCCC(=O)OC	InChI=1S/C5H10O2/c1-3-4-5(6)7-2/h3-4H2,1-2H3	C5H10O2	102.133	102.068079562	65	11.0	93	9
DTXSID0047086	(E)-2-Nonenal	18829-56-6	BSAIUMLZVGUGKX-BQYQJAHWSA-N	(2E)-Non-2-enal	CCCCCC\C=C\C=O	InChI=1S/C9H16O/c1-2-3-4-5-6-7-8-9-10/h7-9H,2-6H2,1H3/b8-7+	C9H16O	140.226	140.120115135	42	62.0	64	8
DTXSID5047087	Methyl 2-methoxybenzoate	606-45-1	PFYHAAAQPNMZHO-UHFFFAOYSA-N	Methyl 2-methoxybenzoate	COC(=O)C1=C(OC)C=CC=C1	InChI=1S/C9H10O3/c1-11-8-6-4-3-5-7(8)9(10)12-2/h3-6H,1-2H3	C9H10O3	166.176	166.062994182	54	-	82	6
DTXSID7047142	beta-Cyclocitral	432-25-7	MOQGCGNUWBPGTQ-UHFFFAOYSA-N	2,6,6-Trimethylcyclohex-1-ene-1-carbaldehyde	CC1=C(C=O)C(C)(C)CCC1	InChI=1S/C10H16O/c1-8-5-4-6-10(2,3)9(8)7-11/h7H,4-6H2,1-3H3	C10H16O	152.237	152.120115135	48	-	60	5
DTXSID1047158	2-Heptanol	543-49-7	CETWDUZRCINIHU-UHFFFAOYSA-N	Heptan-2-ol	CCCCCC(C)O	InChI=1/C7H16O/c1-3-4-5-6-7(2)8/h7-8H,3-6H2,1-2H3	C7H16O	116.204	116.120115135	61	-	91	5
DTXSID9047170	Nonadecane	629-92-5	LQERIDTXQFOHKA-UHFFFAOYSA-N	Nonadecane	CCCCCCCCCCCCCCCCCCC	InChI=1S/C19H40/c1-3-5-7-9-11-13-15-17-19-18-16-14-12-10-8-6-4-2/h3-19H2,1-2H3	C19H40	268.529	268.313001288	50	12.0	102	47
DTXSID9047172	Octadecane	593-45-3	RZJRJXONCZWCBN-UHFFFAOYSA-N	Octadecane	CCCCCCCCCCCCCCCCCC	InChI=1S/C18H38/c1-3-5-7-9-11-13-15-17-18-16-14-12-10-8-6-4-2/h3-18H2,1-2H3	C18H38	254.502	254.2973512236	67	64.0	117	62
DTXSID4047177	4-Phenyltoluene	644-08-6	ZZLCFHIKESPLTH-UHFFFAOYSA-N	4-Methyl-1,1'-biphenyl	CC1=CC=C(C=C1)C1=CC=CC=C1	InChI=1S/C13H12/c1-11-7-9-13(10-8-11)12-5-3-2-4-6-12/h2-10H,1H3	C13H12	168.239	168.0939003864	55	-	103	9
DTXSID4047202	alpha-Farnesene	502-61-4	CXENHBSYCFFKJS-VDQVFBMKSA-N	(3E,6E)-3,7,11-Trimethyldodeca-1,3,6,10-tetraene	CC(C)=CCC\C(C)=C\C\C=C(/C)C=C	InChI=1S/C15H24/c1-6-14(4)10-8-12-15(5)11-7-9-13(2)3/h6,9-10,12H,1,7-8,11H2,2-5H3/b14-10+,15-12+	C15H24	204.357	204.1878007728	51	59.0	49	10
DTXSID8047426	dl-Carvone	99-49-0	ULDHMXUKGWMISQ-UHFFFAOYSA-N	2-Methyl-5-(prop-1-en-2-yl)cyclohex-2-en-1-one	CC(=C)C1CC=C(C)C(=O)C1	InChI=1/C10H14O/c1-7(2)9-5-4-8(3)10(11)6-9/h4,9H,1,5-6H2,2-3H3	C10H14O	150.221	150.104465071	67	226.0	85	22
DTXSID4047462	3-Carene	13466-78-9	BQOFWKZOCNGFEC-UHFFFAOYSA-N	3,7,7-Trimethylbicyclo[4.1.0]hept-3-ene	CC1=CCC2C(C1)C2(C)C	InChI=1/C10H16/c1-7-4-5-8-9(6-7)10(8,2)3/h4,8-9H,5-6H2,1-3H3	C10H16	136.238	136.1252005152	61	87.0	58	73
DTXSID7047562	(3Z)-Hex-3-en-1-yl (2E)-2-methylbut-2-enoate	67883-79-8	JNWQKXUWZWKUAY-JQEGGOPCSA-N	(3Z)-Hex-3-en-1-yl (2E)-2-methylbut-2-enoate	CC\C=C/CCOC(=O)C(\C)=C\C	InChI=1S/C11H18O2/c1-4-6-7-8-9-13-11(12)10(3)5-2/h5-7H,4,8-9H2,1-3H3/b7-6-,10-5+	C11H18O2	182.263	182.13067982	37	-	25	4
DTXSID6047579	(3Z)-Hex-3-en-1-yl propanoate	33467-74-2	LGTLDEUQCOJGFP-WAYWQWQTSA-N	(3Z)-Hex-3-en-1-yl propanoate	CC\C=C/CCOC(=O)CC	InChI=1S/C9H16O2/c1-3-5-6-7-8-11-9(10)4-2/h5-6H,3-4,7-8H2,1-2H3/b6-5-	C9H16O2	156.225	156.115029755	41	-	40	4
DTXSID0047585	(3Z)-Hex-3-en-1-yl 2-methylpropanoate	41519-23-7	OSMAJVWUIUORGC-WAYWQWQTSA-N	(3Z)-Hex-3-en-1-yl 2-methylpropanoate	CC\C=C/CCOC(=O)C(C)C	InChI=1S/C10H18O2/c1-4-5-6-7-8-12-10(11)9(2)3/h5-6,9H,4,7-8H2,1-3H3/b6-5-	C10H18O2	170.252	170.13067982	40	-	40	4
DTXSID0047616	Methyl hexanoate	106-70-7	NUKZAGXMHTUAFE-UHFFFAOYSA-N	Methyl hexanoate	CCCCCC(=O)OC	InChI=1S/C7H14O2/c1-3-4-5-6-7(8)9-2/h3-6H2,1-2H3	C7H14O2	130.187	130.099379691	52	11.0	76	8
DTXSID2047640	Methyl stearate	112-61-8	HPEUJPJOZXNMSJ-UHFFFAOYSA-N	Methyl octadecanoate	CCCCCCCCCCCCCCCCCC(=O)OC	InChI=1S/C19H38O2/c1-3-4-5-6-7-8-9-10-11-12-13-14-15-16-17-18-19(20)21-2/h3-18H2,1-2H3	C19H38O2	298.511	298.287180464	50	-	76	17
DTXSID6047654	Ethyl tetradecanoate	124-06-1	MMKRHZKQPFCLLS-UHFFFAOYSA-N	Ethyl tetradecanoate	CCCCCCCCCCCCCC(=O)OCC	InChI=1S/C16H32O2/c1-3-5-6-7-8-9-10-11-12-13-14-15-16(17)18-4-2/h3-15H2,1-2H3	C16H32O2	256.43	256.24023027	56	12.0	77	12
DTXSID9047679	2-Pentylfuran	3777-69-3	YVBAUDVGOFCUSG-UHFFFAOYSA-N	2-Pentylfuran	CCCCCC1=CC=CO1	InChI=1S/C9H14O/c1-2-3-4-6-9-7-5-8-10-9/h5,7-8H,2-4,6H2,1H3	C9H14O	138.21	138.104465071	52	14.0	71	24
DTXSID7047699	Tricosane	638-67-5	FIGVVZUWCLSUEI-UHFFFAOYSA-N	Tricosane	CCCCCCCCCCCCCCCCCCCCCCC	InChI=1S/C23H48/c1-3-5-7-9-11-13-15-17-19-21-23-22-20-18-16-14-12-10-8-6-4-2/h3-23H2,1-2H3	C23H48	324.637	324.3756015456	44	-	81	6
DTXSID4047759	Stearyl acetate	822-23-1	OIZXRZCQJDXPFO-UHFFFAOYSA-N	Octadecyl acetate	CCCCCCCCCCCCCCCCCCOC(C)=O	InChI=1S/C20H40O2/c1-3-4-5-6-7-8-9-10-11-12-13-14-15-16-17-18-19-22-20(2)21/h3-19H2,1-2H3	C20H40O2	312.538	312.302830528	31	-	51	1
DTXSID8051542	Ethyl octanoate	106-32-1	YYZUSRORWSJGET-UHFFFAOYSA-N	Ethyl octanoate	CCCCCCCC(=O)OCC	InChI=1S/C10H20O2/c1-3-5-6-7-8-9-10(11)12-4-2/h3-9H2,1-2H3	C10H20O2	172.268	172.146329884	59	2.0	82	11
DTXSID6051772	(Z)-Hex-3-enyl butyrate	16491-36-4	ZCHOPXVYTWUHDS-WAYWQWQTSA-N	(3Z)-Hex-3-en-1-yl butanoate	CCCC(=O)OCC\C=C/CC	InChI=1S/C10H18O2/c1-3-5-6-7-9-12-10(11)8-4-2/h5-6H,3-4,7-9H2,1-2H3/b6-5-	C10H18O2	170.252	170.13067982	32	-	49	7
DTXSID7051890	(E)-beta-Damascone	23726-91-2	XEUHSZMVHNGCKF-SOFGYWHQSA-N	1,3,3-Trimethyl-2-[(3E)-penta-1,3-dien-2-yl]cyclohex-1-ene	C\C=C\C(=C)C1=C(C)CCCC1(C)C	InChI=1S/C14H22/c1-6-8-11(2)13-12(3)9-7-10-14(13,4)5/h6,8H,2,7,9-10H2,1,3-5H3/b8-6+	C14H22	190.33	190.1721507084	37	-	3	13
DTXSID4052053	(E)-6,10-Dimethylundeca-5,9-dien-2-one	3796-70-1	HNZUNIKWNYHEJJ-FMIVXFBMSA-N	(5E)-6,10-Dimethylundeca-5,9-dien-2-one	CC(C)=CCC\C(C)=C\CCC(C)=O	InChI=1S/C13H22O/c1-11(2)7-5-8-12(3)9-6-10-13(4)14/h7,9H,5-6,8,10H2,1-4H3/b12-9+	C13H22O	194.318	194.167065328	40	12.0	84	11
DTXSID1052165	1-Methyl-2-(propan-2-yl)benzene	527-84-4	WWRCMNKATXZARA-UHFFFAOYSA-N	1-Methyl-2-(propan-2-yl)benzene	CC(C)C1=C(C)C=CC=C1	InChI=1S/C10H14/c1-8(2)10-7-5-4-6-9(10)3/h4-8H,1-3H3	C10H14	134.222	134.1095504508	43	3.0	57	19
DTXSID7057575	beta Thujone	471-15-8	USMNOWBWPHYOEA-XKSSXDPKSA-N	(1S,4S,5R)-4-Methyl-1-(propan-2-yl)bicyclo[3.1.0]hexan-3-one	CC(C)[C@@]12C[C@@H]1[C@H](C)C(=O)C2	InChI=1S/C10H16O/c1-6(2)10-4-8(10)7(3)9(11)5-10/h6-8H,4-5H2,1-3H3/t7-,8+,10-/m0/s1	C10H16O	152.237	152.120115135	12	91.0	29	-
DTXSID3058325	alpha-Cubebene	17699-14-8	XUEHVOLRMXNRKQ-KHMAMNHCSA-N	(3aS,3bR,4S,7R,7aR)-3,7-Dimethyl-4-(propan-2-yl)-3a,3b,4,5,6,7-hexahydro-1H-cyclopenta[1,3]cyclopropa[1,2]benzene	[H][C@]12[C@@H](CC[C@@H](C)[C@]11CC=C(C)[C@]21[H])C(C)C	InChI=1S/C15H24/c1-9(2)12-6-5-11(4)15-8-7-10(3)13(15)14(12)15/h7,9,11-14H,5-6,8H2,1-4H3/t11-,12+,13-,14-,15+/m1/s1	C15H24	204.357	204.1878007728	13	-	17	5
DTXSID6058637	Heptacosane	593-49-7	BJQWYEJQWHSSCJ-UHFFFAOYSA-N	Heptacosane	CCCCCCCCCCCCCCCCCCCCCCCCCCC	InChI=1S/C27H56/c1-3-5-7-9-11-13-15-17-19-21-23-25-27-26-24-22-20-18-16-14-12-10-8-6-4-2/h3-27H2,1-2H3	C27H56	380.745	380.4382018032	25	-	65	47
DTXSID7060883	Hexacosane	630-01-3	HMSWAIKSFDFLKN-UHFFFAOYSA-N	Hexacosane	CCCCCCCCCCCCCCCCCCCCCCCCCC	InChI=1S/C26H54/c1-3-5-7-9-11-13-15-17-19-21-23-25-26-24-22-20-18-16-14-12-10-8-6-4-2/h3-26H2,1-2H3	C26H54	366.718	366.4225517388	33	-	70	1
DTXSID2060884	Nonacosane	630-03-5	IGGUPRCHHJZPBS-UHFFFAOYSA-N	Nonacosane	CCCCCCCCCCCCCCCCCCCCCCCCCCCCC	InChI=1S/C29H60/c1-3-5-7-9-11-13-15-17-19-21-23-25-27-29-28-26-24-22-20-18-16-14-12-10-8-6-4-2/h3-29H2,1-2H3	C29H60	408.799	408.469501932	41	15.0	66	-
DTXSID8060955	Tetracosane	646-31-1	POOSGDOYLQNASK-UHFFFAOYSA-N	Tetracosane	CCCCCCCCCCCCCCCCCCCCCCCC	InChI=1S/C24H50/c1-3-5-7-9-11-13-15-17-19-21-23-24-22-20-18-16-14-12-10-8-6-4-2/h3-24H2,1-2H3	C24H50	338.664	338.39125161	36	-	85	40
DTXSID2061303	3-Decanone	928-80-3	XJLDYKIEURAVBW-UHFFFAOYSA-N	Decan-3-one	CCCCCCCC(=O)CC	InChI=1S/C10H20O/c1-3-5-6-7-8-9-10(11)4-2/h3-9H2,1-2H3	C10H20O	156.269	156.151415264	29	-	58	3
DTXSID5061326	p-Ethylacetophenone	937-30-4	NODGRWCMFMEGJH-UHFFFAOYSA-N	1-(4-Ethylphenyl)ethan-1-one	CCC1=CC=C(C=C1)C(C)=O	InChI=1S/C10H12O/c1-3-9-4-6-10(7-5-9)8(2)11/h4-7H,3H2,1-2H3	C10H12O	148.205	148.088815006	19	-	79	-
DTXSID2061515	Methyl arachidate	1120-28-1	QGBRLVONZXHAKJ-UHFFFAOYSA-N	Methyl icosanoate	CCCCCCCCCCCCCCCCCCCC(=O)OC	InChI=1S/C21H42O2/c1-3-4-5-6-7-8-9-10-11-12-13-14-15-16-17-18-19-20-21(22)23-2/h3-20H2,1-2H3	C21H42O2	326.565	326.318480592	22	-	50	-
DTXSID8061921	Methyl n-nonanoate	1731-84-6	IJXHLVMUNBOGRR-UHFFFAOYSA-N	Methyl nonanoate	CCCCCCCCC(=O)OC	InChI=1S/C10H20O2/c1-3-4-5-6-7-8-9-10(11)12-2/h3-9H2,1-2H3	C10H20O2	172.268	172.146329884	33	-	60	8
DTXSID3061922	Methyl undecanoate	1731-86-8	XPQPWPZFBULGKT-UHFFFAOYSA-N	Methyl undecanoate	CCCCCCCCCCC(=O)OC	InChI=1S/C12H24O2/c1-3-4-5-6-7-8-9-10-11-12(13)14-2/h3-11H2,1-2H3	C12H24O2	200.322	200.177630013	20	-	52	5
DTXSID7064239	Benzaldehyde, 2,3-dichloro-	6334-18-5	LLMLNAVBOAMOEE-UHFFFAOYSA-N	2,3-Dichlorobenzaldehyde	ClC1=CC=CC(C=O)=C1Cl	InChI=1S/C7H4Cl2O/c8-6-3-1-2-5(4-10)7(6)9/h1-4H	C7H4Cl2O	175.01	173.9639201	22	-	106	-
DTXSID0069383	2,6,11-Dodecatrienal, 2,6-dimethyl-10-methylene-	60066-88-8	NOPLRNXKHZRXHT-UHFFFAOYSA-N	2,6-Dimethyl-10-methylidenedodeca-2,6,11-trienal	CC(CCC=C(C)C=O)=CCCC(=C)C=C	InChI=1S/C15H22O/c1-5-13(2)8-6-9-14(3)10-7-11-15(4)12-16/h5,9,11-12H,1-2,6-8,10H2,3-4H3	C15H22O	218.34	218.167065328	19	-	27	5
DTXSID80164856	Methyl dihydrojasmonate, (-)-cis-	151716-35-7	KVWWIYGFBYDJQC-WDEREUQCSA-N	Methyl [(1S,2R)-3-oxo-2-pentylcyclopentyl]acetate	CCCCC[C@@H]1[C@H](CC(=O)OC)CCC1=O	InChI=1S/C13H22O3/c1-3-4-5-6-11-10(7-8-12(11)14)9-13(15)16-2/h10-11H,3-9H2,1-2H3/t10-,11+/m0/s1	C13H22O3	226.316	226.156894568	4	-	18	-
DTXSID40164857	Methyl dihydrojasmonate, (+-)-trans-	151716-36-8	KVWWIYGFBYDJQC-QWRGUYRKSA-N	Methyl [(1S,2S)-3-oxo-2-pentylcyclopentyl]acetate	CCCCC[C@H]1[C@H](CC(=O)OC)CCC1=O	InChI=1S/C13H22O3/c1-3-4-5-6-11-10(7-8-12(11)14)9-13(15)16-2/h10-11H,3-9H2,1-2H3/t10-,11-/m0/s1	C13H22O3	226.316	226.156894568	4	-	17	-
DTXSID70176706	Thymohydroquinone	2217-60-9	OQIOHYHRGZNZCW-UHFFFAOYSA-N	2-Methyl-5-(propan-2-yl)benzene-1,4-diol	CC(C)C1=C(O)C=C(C)C(O)=C1	InChI=1S/C10H14O2/c1-6(2)8-5-9(11)7(3)4-10(8)12/h4-6,11-12H,1-3H3	C10H14O2	166.22	166.099379691	11	5.0	33	-
DTXSID50179174	Methyl tetracosanoic acid	2442-49-1	XUDJZDNUVZHSKZ-UHFFFAOYSA-N	Methyl tetracosanoate	CCCCCCCCCCCCCCCCCCCCCCCC(=O)OC	InChI=1S/C25H50O2/c1-3-4-5-6-7-8-9-10-11-12-13-14-15-16-17-18-19-20-21-22-23-24-25(26)27-2/h3-24H2,1-2H3	C25H50O2	382.673	382.38108085	14	2.0	49	-
DTXSID30190387	delta-Guaiene	3691-11-0	YHAJBLWYOIUHHM-GUTXKFCHSA-N	(3S,3aS,5R)-3,8-Dimethyl-5-(prop-1-en-2-yl)-1,2,3,3a,4,5,6,7-octahydroazulene	C[C@H]1CCC2=C(C)CC[C@H](C[C@@H]12)C(C)=C	InChI=1S/C15H24/c1-10(2)13-7-5-11(3)14-8-6-12(4)15(14)9-13/h12-13,15H,1,5-9H2,2-4H3/t12-,13+,15-/m0/s1	C15H24	204.357	204.1878007728	11	-	17	3
DTXSID00194519	Linalool oxide pyranoid, trans-(-)-	41720-62-1	BCTBAGTXFYWYMW-PSASIEDQSA-N	(3R,6S)-6-Ethenyl-2,2,6-trimethyloxan-3-ol	CC1(C)O[C@@](C)(CC[C@H]1O)C=C	InChI=1S/C10H18O2/c1-5-10(4)7-6-8(11)9(2,3)12-10/h5,8,11H,1,6-7H2,2-4H3/t8-,10-/m1/s1	C10H18O2	170.252	170.13067982	3	-	21	-
DTXSID20197507	7-Methoxy-8-(3-methyl-2-butenyl)-coumarin	484-12-8	MBRLOUHOWLUMFF-UHFFFAOYSA-N	7-Methoxy-8-(3-methylbut-2-en-1-yl)-2H-1-benzopyran-2-one	COC1=C(CC=C(C)C)C2=C(C=CC(=O)O2)C=C1	InChI=1S/C15H16O3/c1-10(2)4-7-12-13(17-3)8-5-11-6-9-14(16)18-15(11)12/h4-6,8-9H,7H2,1-3H3	C15H16O3	244.29	244.109944375	34	207.0	145	-
DTXSID80203214	5-Isopropenyl-2-methyl-2-vinyltetrahydrofuran, (E)-	54750-70-8	XIGFNCYVSHOLIF-VHSXEESVSA-N	(2S,5S)-2-Ethenyl-2-methyl-5-(prop-1-en-2-yl)oxolane	CC(=C)[C@@H]1CC[C@](C)(O1)C=C	InChI=1S/C10H16O/c1-5-10(4)7-6-9(11-10)8(2)3/h5,9H,1-2,6-7H2,3-4H3/t9-,10+/m0/s1	C10H16O	152.237	152.120115135	3	-	13	-
DTXSID40274147	Methyl (E)-geranate	1189-09-9	ACOBBFVLNKYODD-CSKARUKUSA-N	Methyl (2E)-3,7-dimethylocta-2,6-dienoate	COC(=O)\C=C(/C)CCC=C(C)C	InChI=1S/C11H18O2/c1-9(2)6-5-7-10(3)8-11(12)13-4/h6,8H,5,7H2,1-4H3/b10-8+	C11H18O2	182.263	182.13067982	18	-	37	5
DTXSID80274505	Cadina-1(10),4-diene	16729-01-4	FUCYIEXQVQJBKY-UHFFFAOYSA-N	4,7-Dimethyl-1-(propan-2-yl)-1,2,3,5,6,8a-hexahydronaphthalene	CC(C)C1CCC(C)=C2CCC(C)=CC12	InChI=1S/C15H24/c1-10(2)13-8-6-12(4)14-7-5-11(3)9-15(13)14/h9-10,13,15H,5-8H2,1-4H3	C15H24	204.357	204.1878007728	2	-	19	-
DTXSID20423797	2,5-Dimethoxy-p-cymene	14753-08-3	VTRMVHBUTNPBTP-UHFFFAOYSA-N	1,4-Dimethoxy-2-methyl-5-(propan-2-yl)benzene	COC1=CC(C(C)C)=C(OC)C=C1C	InChI=1S/C12H18O2/c1-8(2)10-7-11(13-4)9(3)6-12(10)14-5/h6-8H,1-5H3	C12H18O2	194.274	194.13067982	3	-	18	-
DTXSID40858789	(E)-2-Octenal	2548-87-0	LVBXEMGDVWVTGY-VOTSOKGWSA-N	(2E)-Oct-2-enal	CCCCC\C=C\C=O	InChI=1S/C8H14O/c1-2-3-4-5-6-7-8-9/h6-8H,2-5H2,1H3/b7-6+	C8H14O	126.199	126.104465071	27	21.0	-	7
DTXSID80859154	cyclohexanone, 5-methyl-2-(1-methylethyl)-	10458-14-7	NFLGAXVYCFJBMK-UHFFFAOYSA-N	5-Methyl-2-(propan-2-yl)cyclohexan-1-one	CC(C)C1CCC(C)CC1=O	InChI=1/C10H18O/c1-7(2)9-5-4-8(3)6-10(9)11/h7-9H,4-6H2,1-3H3	C10H18O	154.253	154.1357652	23	-	-	14
DTXSID20862006	4-Isopropyl-1,6-dimethyltetralin	6617-49-8	PGTJIOWQJWHTJJ-UHFFFAOYSA-N	1,6-Dimethyl-4-(propan-2-yl)-1,2,3,4-tetrahydronaphthalene	CC(C)C1CCC(C)C2=CC=C(C)C=C12	InChI=1/C15H22/c1-10(2)13-8-6-12(4)14-7-5-11(3)9-15(13)14/h5,7,9-10,12-13H,6,8H2,1-4H3	C15H22	202.341	202.1721507084	6	-	33	-
DTXSID40862164	Bicyclo[3.1.0]hexan-2-ol, 2-methyl-5-(1-methylethyl)-	546-79-2	KXSDPILWMGFJMM-UHFFFAOYSA-N	2-Methyl-5-(propan-2-yl)bicyclo[3.1.0]hexan-2-ol	CC(C)C12CC1C(C)(O)CC2	InChI=1/C10H18O/c1-7(2)10-5-4-9(3,11)8(10)6-10/h7-8,11H,4-6H2,1-3H3	C10H18O	154.253	154.1357652	22	5.0	-	4
DTXSID10862252	3-octanol	589-98-0	NMRPBPVERJPACX-UHFFFAOYSA-N	Octan-3-ol	CCCCCC(O)CC	InChI=1/C8H18O/c1-3-5-6-7-8(9)4-2/h8-9H,3-7H2,1-2H3	C8H18O	130.231	130.1357652	31	-	-	11
DTXSID20863038	Bicyclo[3.1.0]hex-2-ene, 2-methyl-5-(1-methylethyl)-	2867-05-2	KQAZVFVOEIRWHN-UHFFFAOYSA-N	2-Methyl-5-(propan-2-yl)bicyclo[3.1.0]hex-2-ene	CC(C)C12CC1C(C)=CC2	InChI=1/C10H16/c1-7(2)10-5-4-8(3)9(10)6-10/h4,7,9H,5-6H2,1-3H3	C10H16	136.238	136.1252005152	14	-	-	4
DTXSID70863164	Sabinen	3387-41-5	NDVASEGYNIMXJL-NXEZZACHSA-N	4-Methylidene-1-(propan-2-yl)bicyclo[3.1.0]hexane	[H][C@]12C[C@]1(CCC2=C)C(C)C	InChI=1S/C10H16/c1-7(2)10-5-4-8(3)9(10)6-10/h7,9H,3-6H2,1-2H3/t9-,10-/m1/s1	C10H16	136.238	136.1252005152	20	-	-	11
DTXSID00864841	3-Cyclohexene-1-ethanol, .beta.,4-dimethyl-	18479-68-0	ZTYHGIAOVUPAAH-UHFFFAOYSA-N	2-(4-Methylcyclohex-3-en-1-yl)propan-1-ol	CC(CO)C1CCC(C)=CC1	InChI=1/C10H18O/c1-8-3-5-10(6-4-8)9(2)7-11/h3,9-11H,4-7H2,1-2H3	C10H18O	154.253	154.1357652	15	-	-	4
DTXSID60872846	(2E,4E)-Hepta-2,4-dienal	4313-03-5	SATICYYAWWYRAM-VNKDHWASSA-N	(2E,4E)-Hepta-2,4-dienal	CC\C=C\C=C\C=O	InChI=1S/C7H10O/c1-2-3-4-5-6-7-8/h3-7H,2H2,1H3/b4-3+,6-5+	C7H10O	110.156	110.073164942	28	-	-	8
DTXSID00880889	3-hexen-1-ol, acetate, (e)-	3681-82-1	NPFVOOAXDOBMCE-SNAWJCMRSA-N	(3E)-Hex-3-en-1-yl acetate	CC\C=C\CCOC(C)=O	InChI=1S/C8H14O2/c1-3-4-5-6-7-10-8(2)9/h4-5H,3,6-7H2,1-2H3/b5-4+	C8H14O2	142.198	142.099379691	17	-	-	5
DTXSID70881202	3-Hydroxy-2,4,4-trimethylpentyl 2-methylpropanoate	74367-34-3	WXFRFCWHHBELIH-UHFFFAOYSA-N	3-Hydroxy-2,4,4-trimethylpentyl 2-methylpropanoate	CC(C)C(=O)OCC(C)C(O)C(C)(C)C	InChI=1/C12H24O3/c1-8(2)11(14)15-7-9(3)10(13)12(4,5)6/h8-10,13H,7H2,1-6H3	C12H24O3	216.321	216.172544633	7	-	-	17
DTXSID60881216	(2Z)-3,7-dimethylocta-2,6-dienal	106-26-3	WTEVQBCEXWBHNA-YFHOEESVSA-N	(2Z)-3,7-Dimethylocta-2,6-dienal	CC(C)=CCC\C(C)=C/C=O	InChI=1S/C10H16O/c1-9(2)5-4-6-10(3)7-8-11/h5,7-8H,4,6H2,1-3H3/b10-7-	C10H16O	152.237	152.120115135	24	-	-	29
DTXSID20881217	(2E)-3,7-dimethylocta-2,6-dienal	141-27-5	WTEVQBCEXWBHNA-JXMROGBWSA-N	(2E)-3,7-Dimethylocta-2,6-dienal	CC(C)=CCC\C(C)=C\C=O	InChI=1S/C10H16O/c1-9(2)5-4-6-10(3)7-8-11/h5,7-8H,4,6H2,1-3H3/b10-7+	C10H16O	152.237	152.120115135	28	-	-	20
DTXSID50881220	2,4,4-Trimethylpentane-1,3-diyl bis(2-methylpropanoate)	74381-40-1	PXNPSORLYYNBLA-UHFFFAOYSA-N	2,4,4-Trimethylpentane-1,3-diyl bis(2-methylpropanoate)	CC(C)C(=O)OCC(C)C(OC(=O)C(C)C)C(C)(C)C	InChI=1/C16H30O4/c1-10(2)14(17)19-9-12(5)13(16(6,7)8)20-15(18)11(3)4/h10-13H,9H2,1-8H3	C16H30O4	286.412	286.214409446	7	-	-	13
DTXSID10881246	isocaryophyllene	118-65-0	NPNUFJAVOOONJE-ZIAGYGMSSA-N	(1R,9S)-4,11,11-Trimethyl-8-methylidenebicyclo[7.2.0]undec-4-ene	CC1=CCCC(=C)[C@H]2CC(C)(C)[C@@H]2CC1	InChI=1S/C15H24/c1-11-6-5-7-12(2)13-10-15(3,4)14(13)9-8-11/h6,13-14H,2,5,7-10H2,1,3-4H3/t13-,14-/m1/s1	C15H24	204.357	204.1878007728	15	-	-	5
DTXSID00883936	2,4,6-Octatriene, 2,6-dimethyl-, (4E,6E)-	3016-19-1	GQVMHMFBVWSSPF-SOYUKNQTSA-N	(4E,6E)-2,6-Dimethyl-2,4,6-octatriene	C\C=C(/C)\C=C\C=C(C)C	InChI=1S/C10H16/c1-5-10(4)8-6-7-9(2)3/h5-8H,1-4H3/b8-6+,10-5+	C10H16	136.238	136.1252005152	16	-	-	1
DTXSID70884975	2,6-Nonadienal, (2E,6E)-	17587-33-6	HZYHMHHBBBSGHB-DYWGDJMRSA-N	(2E,6E)-2,6-Nonadienal	CC\C=C\CC\C=C\C=O	InChI=1S/C9H14O/c1-2-3-4-5-6-7-8-9-10/h3-4,7-9H,2,5-6H2,1H3/b4-3+,8-7+	C9H14O	138.21	138.104465071	14	-	-	3
DTXSID90884997	2,6,9,11-Dodecatetraenal, 2,6,10-trimethyl-, (2E,6E,9E)-	17909-77-2	PFSTYGCNVAVZBK-JQGMZEBDSA-N	(2E,6E,9E)-2,6,10-Trimethyl-2,6,9,11-dodecatetraenal	C\C(CC\C=C(/C)C=O)=C/C\C=C(/C)C=C	InChI=1S/C15H22O/c1-5-13(2)8-6-9-14(3)10-7-11-15(4)12-16/h5,8-9,11-12H,1,6-7,10H2,2-4H3/b13-8+,14-9+,15-11+	C15H22O	218.34	218.167065328	15	-	-	3
DTXSID90885242	2-Buten-1-one, 1-(2,6,6-trimethyl-1,3-cyclohexadien-1-yl)-, (2E)-	23726-93-4	POIARNZEYGURDG-FNORWQNLSA-N	(2E)-1-(2,6,6-Trimethyl-1,3-cyclohexadien-1-yl)-2-buten-1-one	C\C=C\C(=O)C1=C(C)C=CCC1(C)C	InChI=1S/C13H18O/c1-5-7-11(14)12-10(2)8-6-9-13(12,3)4/h5-8H,9H2,1-4H3/b7-5+	C13H18O	190.286	190.1357652	15	-	-	3
DTXSID60885294	(3E)-4-(2,6,6-Trimethyl-2-cyclohexen-1-yl)-3-buten-2-ol	25312-34-9	PWDOJWCZWKWKSE-BQYQJAHWSA-N	(3E)-4-(2,6,6-Trimethyl-2-cyclohexen-1-yl)-3-buten-2-ol	CC(O)\C=C\C1C(C)=CCCC1(C)C	InChI=1/C13H22O/c1-10-6-5-9-13(3,4)12(10)8-7-11(2)14/h6-8,11-12,14H,5,9H2,1-4H3/b8-7+	C13H22O	194.318	194.167065328	15	-	-	4
DTXSID40886441	3-Hexenoic acid, (3Z)-3-hexen-1-yl ester, (3Z)-	61444-38-0	UZJQQWFHPLYECS-SFECMWDFSA-N	(3Z)-3-Hexen-1-yl (3Z)-3-hexenoate	CC\C=C/CCOC(=O)C\C=C/CC	InChI=1S/C12H20O2/c1-3-5-7-9-11-14-12(13)10-8-6-4-2/h5-8H,3-4,9-11H2,1-2H3/b7-5-,8-6-	C12H20O2	196.29	196.146329884	20	-	-	4
DTXSID80895815	(+)-Neoisomenthol	20752-34-5	NOOLISFMXDJSKH-OPRDCNLKSA-N	(1R,2R,5R)-5-Methyl-2-(propan-2-yl)cyclohexan-1-ol	CC(C)[C@H]1CC[C@@H](C)C[C@H]1O	InChI=1S/C10H20O/c1-7(2)9-5-4-8(3)6-10(9)11/h7-11H,4-6H2,1-3H3/t8-,9-,10-/m1/s1	C10H20O	156.269	156.151415264	2	-	-	-
DTXSID20904470	(2E)-2-Undecenal	53448-07-0	PANBRUWVURLWGY-MDZDMXLPSA-N	-	CCCCCCCC\C=C\C=O	InChI=1S/C11H20O/c1-2-3-4-5-6-7-8-9-10-11-12/h9-11H,2-8H2,1H3/b10-9+	C11H20O	168.28	168.151415264	6	-	-	5
DTXSID30904865	Lavandulyl acetate	25905-14-0	HYNGAVZPWWXQIU-UHFFFAOYSA-N	-	CC(C)=CCC(COC(C)=O)C(C)=C	InChI=1/C12H20O2/c1-9(2)6-7-12(10(3)4)8-14-11(5)13/h6,12H,3,7-8H2,1-2,4-5H3	C12H20O2	196.29	196.146329884	10	-	-	-
DTXSID30905034	8-Hydroxycarvotanacetone	7712-46-1	DJOOMNLGIUGRKD-UHFFFAOYSA-N	-	CC1=CCC(CC1=O)C(C)(C)O	InChI=1/C10H16O2/c1-7-4-5-8(6-9(7)11)10(2,3)12/h4,8,12H,5-6H2,1-3H3	C10H16O2	168.236	168.115029755	2	-	-	-
DTXSID20955144	4,6,6-Trimethylbicyclo[3.1.1]hept-3-en-2-yl acetate	33522-69-9	OZBFUQLOVFXDNK-UHFFFAOYSA-N	-	CC(=O)OC1C=C(C)C2CC1C2(C)C	InChI=1/C12H18O2/c1-7-5-11(14-8(2)13)10-6-9(7)12(10,3)4/h5,9-11H,6H2,1-4H3	C12H18O2	194.274	194.13067982	4	-	-	-
DTXSID401009368	(2Z)-2-[(1,1-Dimethylethyl)imino]tetrahydro-3-(1-methylethyl)-5-phenyl-4H-1,3,5-thiadiazin-4-one	953030-84-7	PRLVTUNWOQKEAI-VKAVYKQESA-N	-	CC(C)N1\C(SCN(C1=O)C1=CC=CC=C1)=N\C(C)(C)C	InChI=1S/C16H23N3OS/c1-12(2)19-14(17-16(3,4)5)21-11-18(15(19)20)13-9-7-6-8-10-13/h6-10,12H,11H2,1-5H3/b17-14-	C16H23N3OS	305.44	305.156183547	1	-	-	-
DTXSID501010027	2-Methylnonadecane	1560-86-7	LEEDMQGKBNGPDN-UHFFFAOYSA-N	-	CCCCCCCCCCCCCCCCCC(C)C	InChI=1S/C20H42/c1-4-5-6-7-8-9-10-11-12-13-14-15-16-17-18-19-20(2)3/h20H,4-19H2,1-3H3	C20H42	282.556	282.3286513524	1	-	-	-
